datetime,price_actual,price_forecast
2010-04-26 20:00:00,0.00929,0.025544561
2010-04-26 21:00:00,0.03843,0.021641567
2010-04-26 22:00:00,0.02005,0.022804681
2010-04-26 23:00:00,-0.00695,0.02045853
2010-04-27 00:00:00,0.0039,0.021937042
2010-04-27 01:00:00,0.03496,0.021959333
2010-04-27 02:00:00,0.03512,0.022051794
2010-04-27 03:00:00,0.0374699999999999,0.021575427
2010-04-27 04:00:00,0.02594,0.030120483
2010-04-27 05:00:00,0.04378,0.03511395
2010-04-27 06:00:00,0.05221,0.037951935
2010-04-27 07:00:00,0.02791,0.037705846
2010-04-27 08:00:00,-0.01921,0.020686712
2010-04-27 09:00:00,3e-05,0.01884554
2010-04-27 10:00:00,0.02493,0.017804489
2010-04-27 11:00:00,0.0240599999999999,0.013450524
2010-04-27 12:00:00,0.01289,0.019627672
2010-04-27 13:00:00,0.00013,0.019444987
2010-04-27 14:00:00,0.018,0.019848548
2010-04-27 15:00:00,0.0231499999999999,0.027052488
2010-04-27 16:00:00,0.0407299999999999,0.032327708
2010-04-27 17:00:00,0.01099,0.036874212
2010-04-27 18:00:00,0.04068,0.03847476
2010-04-27 19:00:00,0.01117,0.034951676
2010-04-27 20:00:00,0.02384,0.032607324
2010-04-27 21:00:00,0.00831,0.027539223
2010-04-27 22:00:00,0.0319,0.023699228
2010-04-27 23:00:00,0.0315,0.023329984
2010-04-28 00:00:00,0.0365399999999999,0.022867588
2010-04-28 01:00:00,0.00414,0.022972766
2010-04-28 02:00:00,0.01804,0.023163069
2010-04-28 03:00:00,0.02091,0.024730539
2010-04-28 04:00:00,0.04682,0.03143336
2010-04-28 05:00:00,0.05043,0.038281545
2010-04-28 06:00:00,0.04385,0.038748607
2010-04-28 07:00:00,0.01057,0.0388929
2010-04-28 08:00:00,0.04801,0.033759497
2010-04-28 09:00:00,0.02027,0.026288439
2010-04-28 10:00:00,0.01908,0.024273653
2010-04-28 11:00:00,0.03252,0.008579379
2010-04-28 12:00:00,0.0173,0.023662882
2010-04-28 13:00:00,0.01954,0.022191046
2010-04-28 14:00:00,0.00407,0.026675627
2010-04-28 15:00:00,0.0426,0.027082901
2010-04-28 16:00:00,0.0269,0.034728136
2010-04-28 17:00:00,0.0472,0.033985477
2010-04-28 18:00:00,0.05234,0.03952978
2010-04-28 19:00:00,0.03903,0.03822457
2010-04-28 20:00:00,0.02831,0.03363602
2010-04-28 21:00:00,0.03729,0.030664338
2010-04-28 22:00:00,0.0356,0.027202684
2010-04-28 23:00:00,0.01557,0.026401654
2010-04-29 00:00:00,0.01838,0.025266042
2010-04-29 01:00:00,0.01364,0.02470747
2010-04-29 02:00:00,0.0371,0.024892187
2010-04-29 03:00:00,0.03686,0.02642099
2010-04-29 04:00:00,0.0479099999999999,0.033814535
2010-04-29 05:00:00,0.05364,0.03973395
2010-04-29 06:00:00,0.0278,0.037515495
2010-04-29 07:00:00,0.02521,0.03671575
2010-04-29 08:00:00,0.0485499999999999,0.034970243
2010-04-29 09:00:00,0.0376499999999999,0.030420568
2010-04-29 10:00:00,0.01242,0.028907418
2010-04-29 11:00:00,0.03013,0.028220823
2010-04-29 12:00:00,0.00464,0.02590373
2010-04-29 13:00:00,0.01641,0.024986269
2010-04-29 14:00:00,0.01775,0.025484556
2010-04-29 15:00:00,0.0394,0.03249128
2010-04-29 16:00:00,0.04523,0.03632507
2010-04-29 17:00:00,0.05895,0.039030213
2010-04-29 18:00:00,0.03143,0.042732753
2010-04-29 19:00:00,0.02447,0.039173357
2010-04-29 20:00:00,0.02701,0.033576775
2010-04-29 21:00:00,0.01377,0.030617539
2010-04-29 22:00:00,0.03959,0.026900452
2010-04-29 23:00:00,0.02163,0.025358832
2010-04-30 00:00:00,0.022,0.025633087
2010-04-30 01:00:00,0.01819,0.02543276
2010-04-30 02:00:00,0.02244,0.025720209
2010-04-30 03:00:00,0.03399,0.026288835
2010-04-30 04:00:00,0.03293,0.033119954
2010-04-30 05:00:00,0.0261,0.037008874
2010-04-30 06:00:00,0.031,0.036472715
2010-04-30 07:00:00,0.05294,0.033790197
2010-04-30 08:00:00,0.01804,0.032277152
2010-04-30 09:00:00,0.0469399999999999,0.028140796
2010-04-30 10:00:00,0.04396,0.025091235
2010-04-30 11:00:00,0.0421599999999999,0.02327119
2010-04-30 12:00:00,0.01202,0.023568729
2010-04-30 13:00:00,0.02187,0.023945047
2010-04-30 14:00:00,0.03857,0.025899278
2010-04-30 15:00:00,0.02515,0.032754887
2010-04-30 16:00:00,0.02557,0.033446603
2010-04-30 17:00:00,0.0472299999999999,0.038861345
2010-04-30 18:00:00,0.04277,0.037825517
2010-04-30 19:00:00,0.04536,0.03742887
2010-04-30 20:00:00,0.02492,0.032792058
2010-04-30 21:00:00,0.03705,0.029578388
2010-04-30 22:00:00,0.0129,0.028895795
2010-04-30 23:00:00,0.0301,0.0254577
2010-05-01 00:00:00,0.03556,0.024868455
2010-05-01 01:00:00,0.01643,0.02538545
2010-05-01 02:00:00,0.01495,0.024380784
2010-05-01 03:00:00,0.03342,0.023644488
2010-05-01 04:00:00,0.03748,0.024521993
2010-05-01 05:00:00,0.01507,0.027571512
2010-05-01 06:00:00,0.01657,0.029416196
2010-05-01 07:00:00,0.03752,0.02488043
2010-05-01 08:00:00,0.01008,0.023862097
2010-05-01 09:00:00,0.03479,0.023152273
2010-05-01 10:00:00,0.03685,0.022688553
2010-05-01 11:00:00,0.01693,0.0194689
2010-05-01 12:00:00,1e-05,0.017873146
2010-05-01 13:00:00,0.00217,0.019245999
2010-05-01 14:00:00,0.00566,0.018140918
2010-05-01 15:00:00,0.0347,0.02273332
2010-05-01 16:00:00,0.0179299999999999,0.030680157
2010-05-01 17:00:00,0.02609,0.035356287
2010-05-01 18:00:00,0.01746,0.03395561
2010-05-01 19:00:00,0.03761,0.029658
2010-05-01 20:00:00,0.02641,0.028256465
2010-05-01 21:00:00,0.0204899999999999,0.024738777
2010-05-01 22:00:00,0.0207,0.023524933
2010-05-01 23:00:00,0.03202,0.020932877
2010-05-02 00:00:00,0.02904,0.021154094
2010-05-02 01:00:00,0.01829,0.021398477
2010-05-02 02:00:00,0.02091,0.01734964
2010-05-02 03:00:00,0.016,0.017851304
2010-05-02 04:00:00,0.02805,0.016769564
2010-05-02 05:00:00,-0.025,0.024315417
2010-05-02 06:00:00,0.03507,0.018255603
2010-05-02 07:00:00,0.0094,0.022143072
2010-05-02 08:00:00,0.01869,0.01416242
2010-05-02 09:00:00,0.01993,0.01611991
2010-05-02 10:00:00,0.01,0.014037213
2010-05-02 11:00:00,0.006,0.007271344
2010-05-02 12:00:00,-0.01676,0.004564186
2010-05-02 13:00:00,-0.04505,0.0010474536
2010-05-02 14:00:00,-0.0085399999999999,0.0072417776
2010-05-02 15:00:00,-0.01698,0.015926266
2010-05-02 16:00:00,0.0121,0.02319973
2010-05-02 17:00:00,0.04228,0.03256171
2010-05-02 18:00:00,0.01257,0.030767787
2010-05-02 19:00:00,0.02395,0.029922238
2010-05-02 20:00:00,0.04192,0.02991597
2010-05-02 21:00:00,0.03602,0.020948227
2010-05-02 22:00:00,0.00579,0.022911051
2010-05-02 23:00:00,0.01554,0.018900428
2010-05-03 00:00:00,0.03492,0.022116285
2010-05-03 01:00:00,-1e-05,0.020536087
2010-05-03 02:00:00,0.02014,0.02062863
2010-05-03 03:00:00,0.00999,0.020541426
2010-05-03 04:00:00,0.01896,0.027466139
2010-05-03 05:00:00,0.02109,0.034972727
2010-05-03 06:00:00,0.04884,0.041623507
2010-05-03 07:00:00,0.02296,0.037576906
2010-05-03 08:00:00,0.05663,0.0265819
2010-05-03 09:00:00,0.02507,0.022828208
2010-05-03 10:00:00,0.0175,0.008985628
2010-05-03 11:00:00,0.0140399999999999,0.008275975
2010-05-03 12:00:00,0.03133,0.011758616
2010-05-03 13:00:00,0.03098,0.019694503
2010-05-03 14:00:00,0.00807,0.024319567
2010-05-03 15:00:00,0.0189,0.019893717
2010-05-03 16:00:00,0.0242399999999999,0.028140878
2010-05-03 17:00:00,0.0544,0.032801107
2010-05-03 18:00:00,0.04896,0.038080595
2010-05-03 19:00:00,0.0239699999999999,0.038781326
2010-05-03 20:00:00,0.02185,0.029764703
2010-05-03 21:00:00,0.02319,0.029776126
2010-05-03 22:00:00,0.01814,0.025651582
2010-05-03 23:00:00,0.03342,0.021121893
2010-05-04 00:00:00,0.0407999999999999,0.023232764
2010-05-04 01:00:00,0.01574,0.025518665
2010-05-04 02:00:00,0.02265,0.025581462
2010-05-04 03:00:00,0.04271,0.026361663
2010-05-04 04:00:00,0.0489,0.031205345
2010-05-04 05:00:00,0.05008,0.035698876
2010-05-04 06:00:00,0.02668,0.04163333
2010-05-04 07:00:00,0.02296,0.03589967
2010-05-04 08:00:00,0.04071,0.025805837
2010-05-04 09:00:00,0.02197,0.027507907
2010-05-04 10:00:00,0.03426,0.02645307
2010-05-04 11:00:00,0.01819,0.02587713
2010-05-04 12:00:00,0.01703,0.024546854
2010-05-04 13:00:00,0.03404,0.02476976
2010-05-04 14:00:00,0.0171,0.025489304
2010-05-04 15:00:00,0.04438,0.031106448
2010-05-04 16:00:00,0.04595,0.03596764
2010-05-04 17:00:00,0.0649899999999999,0.03732103
2010-05-04 18:00:00,0.02876,0.0406567
2010-05-04 19:00:00,0.0404799999999999,0.036463372
2010-05-04 20:00:00,0.02534,0.03432985
2010-05-04 21:00:00,0.02318,0.028434219
2010-05-04 22:00:00,0.0326599999999999,0.02645016
2010-05-04 23:00:00,0.0200599999999999,0.025352478
2010-05-05 00:00:00,0.02158,0.025458192
2010-05-05 01:00:00,0.029,0.024071448
2010-05-05 02:00:00,0.01704,0.02500076
2010-05-05 03:00:00,0.03648,0.02524594
2010-05-05 04:00:00,0.04287,0.033749796
2010-05-05 05:00:00,0.05669,0.038167033
2010-05-05 06:00:00,0.04309,0.039367657
2010-05-05 07:00:00,0.04782,0.0342801
2010-05-05 08:00:00,0.04641,0.038391367
2010-05-05 09:00:00,0.02034,0.03087222
2010-05-05 10:00:00,0.02204,0.028591838
2010-05-05 11:00:00,0.02343,0.028834118
2010-05-05 12:00:00,0.02293,0.026447276
2010-05-05 13:00:00,0.02872,0.027458819
2010-05-05 14:00:00,0.03571,0.027300483
2010-05-05 15:00:00,0.039,0.033495888
2010-05-05 16:00:00,0.05027,0.037108153
2010-05-05 17:00:00,0.04747,0.042805206
2010-05-05 18:00:00,0.02554,0.042738285
2010-05-05 19:00:00,0.0469,0.0395796
2010-05-05 20:00:00,0.02265,0.034225155
2010-05-05 21:00:00,0.02214,0.029030547
2010-05-05 22:00:00,0.03392,0.02673673
2010-05-05 23:00:00,0.03201,0.025386477
2010-05-06 00:00:00,0.03401,0.026444774
2010-05-06 01:00:00,0.0185,0.023994386
2010-05-06 02:00:00,0.03303,0.025416858
2010-05-06 03:00:00,0.01907,0.026709078
2010-05-06 04:00:00,0.01785,0.03456276
2010-05-06 05:00:00,0.04677,0.040089674
2010-05-06 06:00:00,0.02516,0.038840897
2010-05-06 07:00:00,0.0045,0.03777351
2010-05-06 08:00:00,0.01482,0.035915345
2010-05-06 09:00:00,0.03732,0.03040286
2010-05-06 10:00:00,0.0417,0.025896324
2010-05-06 11:00:00,0.01703,0.026060192
2010-05-06 12:00:00,0.01214,0.022942968
2010-05-06 13:00:00,0.01832,0.023852432
2010-05-06 14:00:00,0.03748,0.026141247
2010-05-06 15:00:00,0.0404099999999999,0.033053644
2010-05-06 16:00:00,0.0485499999999999,0.036553692
2010-05-06 17:00:00,0.02615,0.042555824
2010-05-06 18:00:00,0.05518,0.03870644
2010-05-06 19:00:00,0.02952,0.037968308
2010-05-06 20:00:00,0.04034,0.033889674
2010-05-06 21:00:00,0.044,0.028904758
2010-05-06 22:00:00,0.02318,0.026731923
2010-05-06 23:00:00,0.03524,0.025270546
2010-05-07 00:00:00,0.03425,0.025247646
2010-05-07 01:00:00,0.02009,0.024614967
2010-05-07 02:00:00,0.034,0.024919122
2010-05-07 03:00:00,0.0223599999999999,0.026268642
2010-05-07 04:00:00,0.0208299999999999,0.031432394
2010-05-07 05:00:00,0.02739,0.037470642
2010-05-07 06:00:00,0.0501,0.036003955
2010-05-07 07:00:00,0.0243999999999999,0.035343923
2010-05-07 08:00:00,0.037,0.03291816
2010-05-07 09:00:00,0.0216,0.031925015
2010-05-07 10:00:00,0.0427,0.029097391
2010-05-07 11:00:00,0.01863,0.027093748
2010-05-07 12:00:00,0.03535,0.025197681
2010-05-07 13:00:00,0.018,0.025984673
2010-05-07 14:00:00,0.03904,0.0291282
2010-05-07 15:00:00,0.02285,0.03409076
2010-05-07 16:00:00,0.02205,0.03770385
2010-05-07 17:00:00,0.04638,0.039621215
2010-05-07 18:00:00,0.0482299999999999,0.0406216
2010-05-07 19:00:00,0.04492,0.038577083
2010-05-07 20:00:00,0.04832,0.033677697
2010-05-07 21:00:00,0.01886,0.029638838
2010-05-07 22:00:00,0.01401,0.026371602
2010-05-07 23:00:00,0.01555,0.025079487
2010-05-08 00:00:00,0.03556,0.024366356
2010-05-08 01:00:00,0.03411,0.022568833
2010-05-08 02:00:00,0.01495,0.021907324
2010-05-08 03:00:00,0.03309,0.02308945
2010-05-08 04:00:00,0.03392,0.02336511
2010-05-08 05:00:00,0.03624,0.024643943
2010-05-08 06:00:00,0.013,0.026458427
2010-05-08 07:00:00,0.01672,0.024208736
2010-05-08 08:00:00,0.04362,0.023007054
2010-05-08 09:00:00,0.01263,0.023481846
2010-05-08 10:00:00,0.01838,0.022915738
2010-05-08 11:00:00,0.00464,0.019416993
2010-05-08 12:00:00,0.01602,0.020188076
2010-05-08 13:00:00,0.01124,0.016057009
2010-05-08 14:00:00,0.01605,0.02128587
2010-05-08 15:00:00,0.0145,0.023718305
2010-05-08 16:00:00,0.00801,0.02827024
2010-05-08 17:00:00,0.02551,0.031246562
2010-05-08 18:00:00,0.03788,0.03273078
2010-05-08 19:00:00,0.0455,0.030766618
2010-05-08 20:00:00,0.0444699999999999,0.029369328
2010-05-08 21:00:00,0.0204899999999999,0.02705778
2010-05-08 22:00:00,3e-05,0.022795314
2010-05-08 23:00:00,0.03202,0.022284348
2010-05-09 00:00:00,-0.00877,0.020260947
2010-05-09 01:00:00,0.0289,0.018914277
2010-05-09 02:00:00,0.01182,0.018976923
2010-05-09 03:00:00,0.0184,0.01839207
2010-05-09 04:00:00,0.015,0.019612096
2010-05-09 05:00:00,0.02901,0.01785451
2010-05-09 06:00:00,0.0116099999999999,0.019301476
2010-05-09 07:00:00,0.02034,0.017414112
2010-05-09 08:00:00,-0.06304,0.018259738
2010-05-09 09:00:00,0.01246,0.013947042
2010-05-09 10:00:00,-0.07004,0.013260502
2010-05-09 11:00:00,-0.0076799999999999,-0.00026771682
2010-05-09 12:00:00,-0.07497,-0.0067177485
2010-05-09 13:00:00,0.00557,-0.0066365213
2010-05-09 14:00:00,0.00467,0.008434057
2010-05-09 15:00:00,0.00623,0.015233383
2010-05-09 16:00:00,0.0121,0.020330137
2010-05-09 17:00:00,0.0080299999999999,0.03219934
2010-05-09 18:00:00,0.02869,0.03036027
2010-05-09 19:00:00,0.02896,0.02939334
2010-05-09 20:00:00,0.04192,0.030089084
2010-05-09 21:00:00,0.03602,0.026174083
2010-05-09 22:00:00,0.0130099999999999,0.017029662
2010-05-09 23:00:00,0.00893,0.019008955
2010-05-10 00:00:00,0.02186,0.02225459
2010-05-10 01:00:00,0.03413,0.020480296
2010-05-10 02:00:00,0.03307,0.021557916
2010-05-10 03:00:00,0.03635,0.020637345
2010-05-10 04:00:00,0.01896,0.027872631
2010-05-10 05:00:00,0.02266,0.035135597
2010-05-10 06:00:00,0.06322,0.039263893
2010-05-10 07:00:00,0.0472599999999999,0.03399372
2010-05-10 08:00:00,0.04475,0.035276283
2010-05-10 09:00:00,0.01907,0.022000367
2010-05-10 10:00:00,0.02296,0.0182478
2010-05-10 11:00:00,0.05029,0.0152915735
2010-05-10 12:00:00,0.00871,0.022153113
2010-05-10 13:00:00,0.01285,0.024444014
2010-05-10 14:00:00,0.0198099999999999,0.023987146
2010-05-10 15:00:00,0.04609,0.027695479
2010-05-10 16:00:00,0.0471899999999999,0.03352407
2010-05-10 17:00:00,0.02595,0.039859768
2010-05-10 18:00:00,0.02897,0.039487656
2010-05-10 19:00:00,0.0458,0.03792276
2010-05-10 20:00:00,0.055,0.03532678
2010-05-10 21:00:00,0.02104,0.03074212
2010-05-10 22:00:00,0.0211,0.02551976
2010-05-10 23:00:00,0.03342,0.025637217
2010-05-11 00:00:00,0.03312,0.026636789
2010-05-11 01:00:00,0.01805,0.02406408
2010-05-11 02:00:00,0.01701,0.024912471
2010-05-11 03:00:00,0.0200799999999999,0.029138455
2010-05-11 04:00:00,0.05159,0.031949226
2010-05-11 05:00:00,0.0547599999999999,0.037381902
2010-05-11 06:00:00,0.0639,0.04050069
2010-05-11 07:00:00,0.05995,0.037063442
2010-05-11 08:00:00,0.05172,0.035823125
2010-05-11 09:00:00,0.02102,0.031650268
2010-05-11 10:00:00,0.0193099999999999,0.029917138
2010-05-11 11:00:00,0.04894,0.028711556
2010-05-11 12:00:00,0.01998,0.027393792
2010-05-11 13:00:00,0.04265,0.029227264
2010-05-11 14:00:00,0.01731,0.031527586
2010-05-11 15:00:00,0.0373,0.037261624
2010-05-11 16:00:00,0.04595,0.039544776
2010-05-11 17:00:00,0.04265,0.042828552
2010-05-11 18:00:00,0.06861,0.040803347
2010-05-11 19:00:00,0.04275,0.042281397
2010-05-11 20:00:00,0.02534,0.038694162
2010-05-11 21:00:00,0.0232399999999999,0.032772217
2010-05-11 22:00:00,0.0344,0.029034317
2010-05-11 23:00:00,0.03307,0.027084455
2010-05-12 00:00:00,0.0214,0.027018245
2010-05-12 01:00:00,0.03544,0.027549254
2010-05-12 02:00:00,0.0320499999999999,0.026838796
2010-05-12 03:00:00,0.03309,0.028066386
2010-05-12 04:00:00,0.03209,0.033969145
2010-05-12 05:00:00,0.05669,0.042040017
2010-05-12 06:00:00,0.057,0.047242183
2010-05-12 07:00:00,0.0294,0.044800073
2010-05-12 08:00:00,0.02888,0.040815383
2010-05-12 09:00:00,0.0424099999999999,0.032782122
2010-05-12 10:00:00,0.04099,0.032259718
2010-05-12 11:00:00,0.0049,0.035902895
2010-05-12 12:00:00,0.02,0.027660416
2010-05-12 13:00:00,0.0199899999999999,0.032795466
2010-05-12 14:00:00,0.03571,0.030078463
2010-05-12 15:00:00,0.03488,0.03514367
2010-05-12 16:00:00,0.02294,0.04006887
2010-05-12 17:00:00,0.02496,0.0411648
2010-05-12 18:00:00,0.0562999999999999,0.042667452
2010-05-12 19:00:00,0.0332,0.03986856
2010-05-12 20:00:00,0.0435,0.035482
2010-05-12 21:00:00,0.0411599999999999,0.030837102
2010-05-12 22:00:00,0.01809,0.027886119
2010-05-12 23:00:00,0.01903,0.02568964
2010-05-13 00:00:00,0.0323699999999999,0.025688583
2010-05-13 01:00:00,0.02571,0.024953779
2010-05-13 02:00:00,0.01848,0.025416061
2010-05-13 03:00:00,0.03505,0.024857601
2010-05-13 04:00:00,0.0427,0.029369267
2010-05-13 05:00:00,0.02555,0.039853424
2010-05-13 06:00:00,0.01044,0.04342132
2010-05-13 07:00:00,0.05219,0.036703948
2010-05-13 08:00:00,0.0397,0.031483985
2010-05-13 09:00:00,0.0356,0.031064618
2010-05-13 10:00:00,0.03142,0.028113466
2010-05-13 11:00:00,0.03574,0.026728073
2010-05-13 12:00:00,0.03555,0.026874188
2010-05-13 13:00:00,0.0139,0.027799277
2010-05-13 14:00:00,0.03757,0.029454196
2010-05-13 15:00:00,0.0390499999999999,0.032773335
2010-05-13 16:00:00,0.02691,0.037221987
2010-05-13 17:00:00,0.04895,0.040105373
2010-05-13 18:00:00,0.04738,0.044114817
2010-05-13 19:00:00,0.04566,0.038933717
2010-05-13 20:00:00,0.04907,0.0360596
2010-05-13 21:00:00,0.02189,0.032157633
2010-05-13 22:00:00,0.0401,0.02663187
2010-05-13 23:00:00,0.0188799999999999,0.026045864
2010-05-14 00:00:00,0.02708,0.02529149
2010-05-14 01:00:00,0.01907,0.025222607
2010-05-14 02:00:00,0.034,0.02580627
2010-05-14 03:00:00,0.02907,0.025407342
2010-05-14 04:00:00,0.04763,0.028509868
2010-05-14 05:00:00,0.02194,0.037960052
2010-05-14 06:00:00,-0.00157,0.040448263
2010-05-14 07:00:00,0.0479399999999999,0.036801443
2010-05-14 08:00:00,0.02265,0.034834
2010-05-14 09:00:00,0.01459,0.0319419
2010-05-14 10:00:00,0.01789,0.029379195
2010-05-14 11:00:00,0.01457,0.025193743
2010-05-14 12:00:00,0.03915,0.026346536
2010-05-14 13:00:00,0.02914,0.023937056
2010-05-14 14:00:00,0.01835,0.027724175
2010-05-14 15:00:00,0.02247,0.032088082
2010-05-14 16:00:00,0.02696,0.034247957
2010-05-14 17:00:00,0.02492,0.039317917
2010-05-14 18:00:00,0.04162,0.040310875
2010-05-14 19:00:00,0.05145,0.038291205
2010-05-14 20:00:00,0.04832,0.036216166
2010-05-14 21:00:00,0.01886,0.029669616
2010-05-14 22:00:00,0.03737,0.027262669
2010-05-14 23:00:00,0.02072,0.025513614
2010-05-15 00:00:00,0.01,0.023868792
2010-05-15 01:00:00,0.02101,0.0236132
2010-05-15 02:00:00,0.03476,0.022185743
2010-05-15 03:00:00,0.03342,0.023013923
2010-05-15 04:00:00,0.01494,0.023600996
2010-05-15 05:00:00,0.03911,0.022206586
2010-05-15 06:00:00,0.03899,0.017239258
2010-05-15 07:00:00,0.012,0.024658775
2010-05-15 08:00:00,0.0392,0.027596913
2010-05-15 09:00:00,0.01901,0.023157926
2010-05-15 10:00:00,0.03685,0.021588448
2010-05-15 11:00:00,0.0118599999999999,0.016946683
2010-05-15 12:00:00,0.0334099999999999,0.017449694
2010-05-15 13:00:00,0.01475,0.017214695
2010-05-15 14:00:00,0.03208,0.020793954
2010-05-15 15:00:00,0.0145,0.025038665
2010-05-15 16:00:00,0.0414,0.0291957
2010-05-15 17:00:00,0.02551,0.034522433
2010-05-15 18:00:00,0.02804,0.03369658
2010-05-15 19:00:00,0.04475,0.034768034
2010-05-15 20:00:00,0.04496,0.032824703
2010-05-15 21:00:00,0.02308,0.028863685
2010-05-15 22:00:00,0.018,0.024317414
2010-05-15 23:00:00,0.01941,0.025298461
2010-05-16 00:00:00,0.01176,0.018588478
2010-05-16 01:00:00,0.02859,0.022093715
2010-05-16 02:00:00,-0.02037,0.02069205
2010-05-16 03:00:00,0.00715,0.018177511
2010-05-16 04:00:00,0.015,0.018003687
2010-05-16 05:00:00,0.0230399999999999,0.018858073
2010-05-16 06:00:00,0.0245799999999999,0.011218465
2010-05-16 07:00:00,0.0302899999999999,0.0177917
2010-05-16 08:00:00,0.00197,0.013740631
2010-05-16 09:00:00,0.0341,0.015442985
2010-05-16 10:00:00,0.00085,0.010571335
2010-05-16 11:00:00,0.006,0.0012837151
2010-05-16 12:00:00,0.00584,0.0027638823
2010-05-16 13:00:00,-0.02296,0.0053139087
2010-05-16 14:00:00,0.02172,0.008590215
2010-05-16 15:00:00,0.00641,0.015282329
2010-05-16 16:00:00,0.01605,0.022281744
2010-05-16 17:00:00,0.04228,0.023812346
2010-05-16 18:00:00,0.04132,0.02936218
2010-05-16 19:00:00,0.04171,0.028977867
2010-05-16 20:00:00,0.0232199999999999,0.030646253
2010-05-16 21:00:00,0.0101,0.025206244
2010-05-16 22:00:00,0.0378999999999999,0.021499401
2010-05-16 23:00:00,0.02974,0.019274255
2010-05-17 00:00:00,0.03492,0.02072038
2010-05-17 01:00:00,0.01295,0.022533527
2010-05-17 02:00:00,0.01397,0.022525014
2010-05-17 03:00:00,0.02876,0.022945192
2010-05-17 04:00:00,0.01896,0.026753286
2010-05-17 05:00:00,0.05163,0.034547545
2010-05-17 06:00:00,0.05513,0.04175346
2010-05-17 07:00:00,0.05773,0.036332276
2010-05-17 08:00:00,0.01891,0.03445848
2010-05-17 09:00:00,0.03927,0.025103107
2010-05-17 10:00:00,0.0153599999999999,0.025131179
2010-05-17 11:00:00,0.0207399999999999,0.026832445
2010-05-17 12:00:00,0.03643,0.020282105
2010-05-17 13:00:00,0.014,0.023502197
2010-05-17 14:00:00,0.01575,0.02634923
2010-05-17 15:00:00,0.03852,0.030513668
2010-05-17 16:00:00,0.0479099999999999,0.03527597
2010-05-17 17:00:00,0.022,0.039794646
2010-05-17 18:00:00,0.04896,0.038619258
2010-05-17 19:00:00,0.04801,0.039090965
2010-05-17 20:00:00,0.0239899999999999,0.038257893
2010-05-17 21:00:00,0.02319,0.030401448
2010-05-17 22:00:00,0.03407,0.028277116
2010-05-17 23:00:00,0.03342,0.02657393
2010-05-18 00:00:00,0.01616,0.026628021
2010-05-18 01:00:00,0.03496,0.025612632
2010-05-18 02:00:00,0.04003,0.026271388
2010-05-18 03:00:00,0.04271,0.025285428
2010-05-18 04:00:00,0.05159,0.033588056
2010-05-18 05:00:00,0.0400499999999999,0.040603578
2010-05-18 06:00:00,0.0639,0.04459876
2010-05-18 07:00:00,0.055,0.042495143
2010-05-18 08:00:00,0.01992,0.038269658
2010-05-18 09:00:00,0.02102,0.032397438
2010-05-18 10:00:00,0.0193099999999999,0.028787954
2010-05-18 11:00:00,0.01975,0.0301971
2010-05-18 12:00:00,0.04295,0.027633233
2010-05-18 13:00:00,0.03404,0.029038185
2010-05-18 14:00:00,0.0471,0.028773813
2010-05-18 15:00:00,0.0242,0.0367878
2010-05-18 16:00:00,0.04595,0.03985803
2010-05-18 17:00:00,0.0479,0.042482637
2010-05-18 18:00:00,0.04487,0.047379322
2010-05-18 19:00:00,0.0404799999999999,0.042057518
2010-05-18 20:00:00,0.02515,0.036006164
2010-05-18 21:00:00,0.0236,0.03250978
2010-05-18 22:00:00,0.02392,0.029258892
2010-05-18 23:00:00,0.0325,0.027133023
2010-05-19 00:00:00,0.03264,0.026459955
2010-05-19 01:00:00,0.03116,0.026481817
2010-05-19 02:00:00,0.02961,0.027501514
2010-05-19 03:00:00,0.0225399999999999,0.02796547
2010-05-19 04:00:00,0.02495,0.03241322
2010-05-19 05:00:00,0.04368,0.04039239
2010-05-19 06:00:00,0.05507,0.04362839
2010-05-19 07:00:00,0.04792,0.04092547
2010-05-19 08:00:00,0.04577,0.03427013
2010-05-19 09:00:00,0.0435,0.034065977
2010-05-19 10:00:00,0.02028,0.03206902
2010-05-19 11:00:00,0.03865,0.028295318
2010-05-19 12:00:00,0.03699,0.030441588
2010-05-19 13:00:00,0.01627,0.029636465
2010-05-19 14:00:00,0.00198,0.032458086
2010-05-19 15:00:00,0.0214,0.034453582
2010-05-19 16:00:00,0.0441099999999999,0.037060894
2010-05-19 17:00:00,0.03488,0.0385976
2010-05-19 18:00:00,0.0335,0.042528737
2010-05-19 19:00:00,0.0380099999999999,0.040220324
2010-05-19 20:00:00,0.0435,0.036259774
2010-05-19 21:00:00,0.0411599999999999,0.031935614
2010-05-19 22:00:00,0.02137,0.027497908
2010-05-19 23:00:00,0.01903,0.026373588
2010-05-20 00:00:00,0.02289,0.0256738
2010-05-20 01:00:00,0.0167399999999999,0.025627607
2010-05-20 02:00:00,0.00463,0.025053695
2010-05-20 03:00:00,0.01618,0.026768982
2010-05-20 04:00:00,0.0233299999999999,0.033778217
2010-05-20 05:00:00,0.04992,0.035780046
2010-05-20 06:00:00,0.04706,0.03556838
2010-05-20 07:00:00,0.0433,0.039188206
2010-05-20 08:00:00,0.04423,0.034875393
2010-05-20 09:00:00,0.03732,0.030450242
2010-05-20 10:00:00,0.03142,0.026717076
2010-05-20 11:00:00,0.0319,0.026857547
2010-05-20 12:00:00,0.01962,0.027076833
2010-05-20 13:00:00,0.03676,0.023812205
2010-05-20 14:00:00,0.00718,0.028757654
2010-05-20 15:00:00,0.02342,0.031459536
2010-05-20 16:00:00,0.02209,0.036080834
2010-05-20 17:00:00,0.03501,0.03949641
2010-05-20 18:00:00,0.03584,0.039206296
2010-05-20 19:00:00,0.03545,0.038628384
2010-05-20 20:00:00,0.0494099999999999,0.0354381
2010-05-20 21:00:00,0.04528,0.030970719
2010-05-20 22:00:00,0.0357,0.028308952
2010-05-20 23:00:00,0.0388299999999999,0.02530016
2010-05-21 00:00:00,0.03754,0.025997479
2010-05-21 01:00:00,0.02009,0.025245588
2010-05-21 02:00:00,0.01415,0.025836276
2010-05-21 03:00:00,0.02907,0.026793247
2010-05-21 04:00:00,0.04195,0.032058302
2010-05-21 05:00:00,0.03009,0.036857665
2010-05-21 06:00:00,0.03092,0.03919768
2010-05-21 07:00:00,-0.00243,0.03830827
2010-05-21 08:00:00,0.0469,0.032923803
2010-05-21 09:00:00,0.04647,0.028032055
2010-05-21 10:00:00,0.00035,0.02643966
2010-05-21 11:00:00,0.01457,0.02397106
2010-05-21 12:00:00,0.03666,0.025811573
2010-05-21 13:00:00,0.018,0.026036499
2010-05-21 14:00:00,0.018,0.025950292
2010-05-21 15:00:00,0.03889,0.03098368
2010-05-21 16:00:00,0.04853,0.03565711
2010-05-21 17:00:00,0.04396,0.03702583
2010-05-21 18:00:00,0.02843,0.039156668
2010-05-21 19:00:00,0.05145,0.039025854
2010-05-21 20:00:00,0.02416,0.036168322
2010-05-21 21:00:00,0.04201,0.030090613
2010-05-21 22:00:00,0.02151,0.025955161
2010-05-21 23:00:00,0.01814,0.025708951
2010-05-22 00:00:00,0.0379399999999999,0.023334153
2010-05-22 01:00:00,0.03411,0.022782968
2010-05-22 02:00:00,0.00937,0.021423342
2010-05-22 03:00:00,0.03451,0.023574837
2010-05-22 04:00:00,0.03405,0.022306755
2010-05-22 05:00:00,0.03624,0.027479481
2010-05-22 06:00:00,0.045,0.028412096
2010-05-22 07:00:00,0.01055,0.021734651
2010-05-22 08:00:00,0.0107,0.028165389
2010-05-22 09:00:00,0.0352,0.0227038
2010-05-22 10:00:00,0.0127,0.019204978
2010-05-22 11:00:00,0.03698,0.014979673
2010-05-22 12:00:00,0.03142,0.010242612
2010-05-22 13:00:00,0.03209,0.014795732
2010-05-22 14:00:00,0.01103,0.019645669
2010-05-22 15:00:00,0.02111,0.025872746
2010-05-22 16:00:00,0.02039,0.03445245
2010-05-22 17:00:00,0.04487,0.034249924
2010-05-22 18:00:00,0.02804,0.03338089
2010-05-22 19:00:00,0.0455,0.03550056
2010-05-22 20:00:00,0.04496,0.033052817
2010-05-22 21:00:00,0.01726,0.030068856
2010-05-22 22:00:00,0.01893,0.02521894
2010-05-22 23:00:00,0.03202,0.024296772
2010-05-23 00:00:00,0.02944,0.022170462
2010-05-23 01:00:00,-0.02001,0.023408305
2010-05-23 02:00:00,0.02091,0.012680349
2010-05-23 03:00:00,0.01262,0.018871853
2010-05-23 04:00:00,0.03337,0.017910397
2010-05-23 05:00:00,0.01094,0.019506862
2010-05-23 06:00:00,-0.0269699999999999,0.020646954
2010-05-23 07:00:00,0.00808,0.009509565
2010-05-23 08:00:00,0.03408,0.01558917
2010-05-23 09:00:00,0.02873,0.017924763
2010-05-23 10:00:00,0.0338,0.0094368905
2010-05-23 11:00:00,-0.00313,0.006747716
2010-05-23 12:00:00,-0.01506,-0.0019649337
2010-05-23 13:00:00,-0.06999,-0.0054906607
2010-05-23 14:00:00,0.02172,0.0074826777
2010-05-23 15:00:00,0.01021,0.013679967
2010-05-23 16:00:00,0.00498,0.024290761
2010-05-23 17:00:00,0.03663,0.030906817
2010-05-23 18:00:00,0.02869,0.032686878
2010-05-23 19:00:00,0.04131,0.032469004
2010-05-23 20:00:00,0.0232199999999999,0.029406166
2010-05-23 21:00:00,0.0111,0.02326947
2010-05-23 22:00:00,0.018,0.025353568
2010-05-23 23:00:00,0.02974,0.023766056
2010-05-24 00:00:00,0.03455,0.023012806
2010-05-24 01:00:00,-1e-05,0.021571778
2010-05-24 02:00:00,0.01397,0.021702223
2010-05-24 03:00:00,0.02876,0.023460807
2010-05-24 04:00:00,0.01602,0.027949994
2010-05-24 05:00:00,0.0530099999999999,0.03735512
2010-05-24 06:00:00,0.02495,0.040281117
2010-05-24 07:00:00,0.04237,0.038354144
2010-05-24 08:00:00,0.02014,0.028928768
2010-05-24 09:00:00,0.02507,0.026887938
2010-05-24 10:00:00,0.03803,0.018356008
2010-05-24 11:00:00,0.0140399999999999,0.016313625
2010-05-24 12:00:00,0.01326,0.018703131
2010-05-24 13:00:00,0.01285,0.017710261
2010-05-24 14:00:00,0.0411599999999999,0.022623094
2010-05-24 15:00:00,0.03852,0.028502593
2010-05-24 16:00:00,0.01833,0.034247212
2010-05-24 17:00:00,0.02595,0.035611458
2010-05-24 18:00:00,0.04618,0.039001662
2010-05-24 19:00:00,0.0239699999999999,0.038983207
2010-05-24 20:00:00,0.02251,0.03292891
2010-05-24 21:00:00,0.04126,0.030200899
2010-05-24 22:00:00,0.0211,0.025818426
2010-05-24 23:00:00,0.03342,0.02571613
2010-05-25 00:00:00,0.0172,0.024350233
2010-05-25 01:00:00,0.03149,0.024417948
2010-05-25 02:00:00,0.04003,0.025954526
2010-05-25 03:00:00,0.03532,0.028527468
2010-05-25 04:00:00,0.02653,0.03399496
2010-05-25 05:00:00,0.05008,0.037282087
2010-05-25 06:00:00,0.03465,0.039497178
2010-05-25 07:00:00,0.02296,0.03962526
2010-05-25 08:00:00,0.0225399999999999,0.03123906
2010-05-25 09:00:00,0.02013,0.029649518
2010-05-25 10:00:00,0.0193099999999999,0.02759634
2010-05-25 11:00:00,0.01803,0.025669638
2010-05-25 12:00:00,0.01771,0.026147984
2010-05-25 13:00:00,0.01705,0.02582239
2010-05-25 14:00:00,0.01903,0.028382873
2010-05-25 15:00:00,0.04894,0.032354813
2010-05-25 16:00:00,0.04595,0.03536183
2010-05-25 17:00:00,0.0479,0.039110422
2010-05-25 18:00:00,0.04412,0.03952402
2010-05-25 19:00:00,0.055,0.03899324
2010-05-25 20:00:00,0.02907,0.03460646
2010-05-25 21:00:00,0.0236,0.029717918
2010-05-25 22:00:00,0.0231499999999999,0.02633682
2010-05-25 23:00:00,0.03903,0.02554844
2010-05-26 00:00:00,0.03596,0.025113823
2010-05-26 01:00:00,0.0309699999999999,0.025000468
2010-05-26 02:00:00,0.03508,0.025902366
2010-05-26 03:00:00,0.03327,0.025960386
2010-05-26 04:00:00,0.0376,0.029994318
2010-05-26 05:00:00,0.04944,0.039061625
2010-05-26 06:00:00,0.04309,0.04138471
2010-05-26 07:00:00,0.0294,0.037142877
2010-05-26 08:00:00,0.02872,0.035205238
2010-05-26 09:00:00,0.0435,0.032159075
2010-05-26 10:00:00,0.02028,0.02884044
2010-05-26 11:00:00,0.02071,0.028971713
2010-05-26 12:00:00,0.03578,0.028622486
2010-05-26 13:00:00,0.0199899999999999,0.02681125
2010-05-26 14:00:00,0.03552,0.02867564
2010-05-26 15:00:00,0.03488,0.036073323
2010-05-26 16:00:00,0.03397,0.037975155
2010-05-26 17:00:00,0.0458,0.040384397
2010-05-26 18:00:00,0.04899,0.0408339
2010-05-26 19:00:00,0.0469,0.040636834
2010-05-26 20:00:00,0.03518,0.036462475
2010-05-26 21:00:00,0.02996,0.032654475
2010-05-26 22:00:00,0.0345,0.027040565
2010-05-26 23:00:00,0.01903,0.026704406
2010-05-27 00:00:00,0.01729,0.025058366
2010-05-27 01:00:00,0.0185,0.024720564
2010-05-27 02:00:00,0.00463,0.024580555
2010-05-27 03:00:00,0.01618,0.02539143
2010-05-27 04:00:00,0.04599,0.030039327
2010-05-27 05:00:00,0.02555,0.03920994
2010-05-27 06:00:00,0.0493,0.037982132
2010-05-27 07:00:00,0.04506,0.03406061
2010-05-27 08:00:00,0.0201499999999999,0.035316538
2010-05-27 09:00:00,0.0190599999999999,0.031481065
2010-05-27 10:00:00,0.03556,0.02751616
2010-05-27 11:00:00,0.03997,0.026410425
2010-05-27 12:00:00,0.03555,0.02695551
2010-05-27 13:00:00,0.0139,0.028572911
2010-05-27 14:00:00,0.04554,0.027918758
2010-05-27 15:00:00,0.04971,0.03478828
2010-05-27 16:00:00,0.04097,0.035662327
2010-05-27 17:00:00,0.03501,0.040464263
2010-05-27 18:00:00,0.04266,0.040561333
2010-05-27 19:00:00,0.0499,0.041184787
2010-05-27 20:00:00,0.02412,0.035833735
2010-05-27 21:00:00,0.02239,0.031777713
2010-05-27 22:00:00,0.0399,0.026774537
2010-05-27 23:00:00,0.0188799999999999,0.027923364
2010-05-28 00:00:00,0.0155,0.025600584
2010-05-28 01:00:00,0.01707,0.02521744
2010-05-28 02:00:00,0.03479,0.02446752
2010-05-28 03:00:00,0.03599,0.026910817
2010-05-28 04:00:00,0.0208299999999999,0.03449091
2010-05-28 05:00:00,0.0410499999999999,0.036094453
2010-05-28 06:00:00,0.0501,0.03899748
2010-05-28 07:00:00,0.023,0.034945913
2010-05-28 08:00:00,0.04378,0.034736924
2010-05-28 09:00:00,0.02068,0.03203614
2010-05-28 10:00:00,0.01469,0.027644822
2010-05-28 11:00:00,0.0375,0.026594026
2010-05-28 12:00:00,0.0161499999999999,0.027008958
2010-05-28 13:00:00,0.0173,0.02558731
2010-05-28 14:00:00,0.018,0.028205298
2010-05-28 15:00:00,0.04253,0.033532158
2010-05-28 16:00:00,0.02696,0.035444822
2010-05-28 17:00:00,0.02371,0.038552847
2010-05-28 18:00:00,0.02335,0.03884328
2010-05-28 19:00:00,0.04567,0.03836586
2010-05-28 20:00:00,0.02185,0.033952355
2010-05-28 21:00:00,0.04189,0.031122895
2010-05-28 22:00:00,0.03737,0.026110029
2010-05-28 23:00:00,0.02072,0.025329424
2010-05-29 00:00:00,0.01,0.024197951
2010-05-29 01:00:00,0.03411,0.023761053
2010-05-29 02:00:00,0.022,0.022032937
2010-05-29 03:00:00,0.03342,0.023987927
2010-05-29 04:00:00,0.02111,0.024063187
2010-05-29 05:00:00,0.03511,0.024080645
2010-05-29 06:00:00,0.01657,0.030288663
2010-05-29 07:00:00,0.01672,0.021146346
2010-05-29 08:00:00,0.0107,0.02270087
2010-05-29 09:00:00,0.01085,0.02045052
2010-05-29 10:00:00,0.03685,0.016834157
2010-05-29 11:00:00,0.0048,0.015341646
2010-05-29 12:00:00,0.0334099999999999,0.011184358
2010-05-29 13:00:00,-0.00094,0.013291869
2010-05-29 14:00:00,-0.00038,0.017205667
2010-05-29 15:00:00,0.0347,0.020837028
2010-05-29 16:00:00,0.0414,0.027555177
2010-05-29 17:00:00,0.02609,0.0330884
2010-05-29 18:00:00,0.0140399999999999,0.032594148
2010-05-29 19:00:00,0.02942,0.033631567
2010-05-29 20:00:00,0.04592,0.030634595
2010-05-29 21:00:00,0.02293,0.024144571
2010-05-29 22:00:00,0.0364,0.020951096
2010-05-29 23:00:00,0.0116,0.021380348
2010-05-30 00:00:00,-0.00877,0.01916889
2010-05-30 01:00:00,-0.02001,0.010309729
2010-05-30 02:00:00,0.0230599999999999,0.016092053
2010-05-30 03:00:00,0.03403,0.014984772
2010-05-30 04:00:00,-0.03098,0.018798873
2010-05-30 05:00:00,0.0230399999999999,0.016622417
2010-05-30 06:00:00,0.0306999999999999,0.018461663
2010-05-30 07:00:00,0.0302899999999999,0.017146796
2010-05-30 08:00:00,0.0096999999999999,0.017108612
2010-05-30 09:00:00,0.02873,0.013380024
2010-05-30 10:00:00,0.01172,0.011700021
2010-05-30 11:00:00,-0.00051,-0.001228905
2010-05-30 12:00:00,-0.03551,-0.0022256249
2010-05-30 13:00:00,-0.00654,-0.008096947
2010-05-30 14:00:00,0.02172,0.0051976573
2010-05-30 15:00:00,0.00641,0.0152061405
2010-05-30 16:00:00,0.03301,0.021827912
2010-05-30 17:00:00,0.04228,0.029340405
2010-05-30 18:00:00,0.01473,0.030577896
2010-05-30 19:00:00,0.01338,0.03336445
2010-05-30 20:00:00,0.01259,0.02779096
2010-05-30 21:00:00,0.03245,0.02356747
2010-05-30 22:00:00,0.0130099999999999,0.020644033
2010-05-30 23:00:00,0.02974,0.02101166
2010-05-31 00:00:00,0.01401,0.022655807
2010-05-31 01:00:00,0.0075899999999999,0.021041078
2010-05-31 02:00:00,0.02014,0.021444604
2010-05-31 03:00:00,0.02299,0.023507463
2010-05-31 04:00:00,0.03405,0.026740126
2010-05-31 05:00:00,0.05163,0.039287373
2010-05-31 06:00:00,0.02991,0.034918923
2010-05-31 07:00:00,0.0225,0.036539275
2010-05-31 08:00:00,0.01891,0.028579347
2010-05-31 09:00:00,0.04504,0.02319843
2010-05-31 10:00:00,0.0153599999999999,0.021795087
2010-05-31 11:00:00,0.05029,0.010710747
2010-05-31 12:00:00,0.01326,0.017127337
2010-05-31 13:00:00,0.014,0.020200685
2010-05-31 14:00:00,0.01575,0.024594473
2010-05-31 15:00:00,0.0189,0.027975427
2010-05-31 16:00:00,0.0471899999999999,0.02878017
2010-05-31 17:00:00,0.04939,0.036580212
2010-05-31 18:00:00,0.04618,0.038359683
2010-05-31 19:00:00,0.02599,0.03576497
2010-05-31 20:00:00,0.02625,0.03564398
2010-05-31 21:00:00,0.02001,0.031638008
2010-05-31 22:00:00,0.01814,0.025106762
2010-05-31 23:00:00,0.01613,0.025558354
2010-06-01 00:00:00,0.02828,0.023949893
2010-06-01 01:00:00,0.02367,0.02499763
2010-06-01 02:00:00,0.01592,0.027397156
2010-06-01 03:00:00,0.02913,0.027206197
2010-06-01 04:00:00,0.03343,0.031491373
2010-06-01 05:00:00,0.03744,0.0405011
2010-06-01 06:00:00,0.03716,0.037257742
2010-06-01 07:00:00,0.0349,0.033481132
2010-06-01 08:00:00,0.03192,0.032131366
2010-06-01 09:00:00,0.02145,0.029959148
2010-06-01 10:00:00,0.03756,0.02615969
2010-06-01 11:00:00,-8e-05,0.02690395
2010-06-01 12:00:00,0.01902,0.02476562
2010-06-01 13:00:00,0.03349,0.022480296
2010-06-01 14:00:00,0.03665,0.026394473
2010-06-01 15:00:00,0.033,0.03378622
2010-06-01 16:00:00,0.03659,0.038410533
2010-06-01 17:00:00,0.03338,0.042174667
2010-06-01 18:00:00,0.054,0.041076936
2010-06-01 19:00:00,0.04129,0.042277474
2010-06-01 20:00:00,0.03283,0.034809697
2010-06-01 21:00:00,0.04093,0.032219112
2010-06-01 22:00:00,0.02609,0.02630661
2010-06-01 23:00:00,0.024,0.029039769
2010-06-02 00:00:00,0.0226099999999999,0.025520567
2010-06-02 01:00:00,0.02454,0.025606252
2010-06-02 02:00:00,0.0202399999999999,0.02565932
2010-06-02 03:00:00,0.0241499999999999,0.027078377
2010-06-02 04:00:00,0.02941,0.03228043
2010-06-02 05:00:00,0.05193,0.039538138
2010-06-02 06:00:00,0.04215,0.04074513
2010-06-02 07:00:00,0.04106,0.036917154
2010-06-02 08:00:00,0.04138,0.035198424
2010-06-02 09:00:00,0.03839,0.0357945
2010-06-02 10:00:00,0.03701,0.029144801
2010-06-02 11:00:00,0.02527,0.02985232
2010-06-02 12:00:00,0.02558,0.029307941
2010-06-02 13:00:00,0.03272,0.028254112
2010-06-02 14:00:00,0.03491,0.030307021
2010-06-02 15:00:00,0.03427,0.034626655
2010-06-02 16:00:00,0.0455799999999999,0.038450845
2010-06-02 17:00:00,0.03491,0.044490438
2010-06-02 18:00:00,0.05107,0.045686547
2010-06-02 19:00:00,0.04564,0.04364132
2010-06-02 20:00:00,0.03659,0.035602722
2010-06-02 21:00:00,0.0317,0.030765465
2010-06-02 22:00:00,0.02978,0.027604442
2010-06-02 23:00:00,0.02653,0.026469572
2010-06-03 00:00:00,0.02351,0.025707599
2010-06-03 01:00:00,0.02403,0.026073674
2010-06-03 02:00:00,0.02832,0.025863562
2010-06-03 03:00:00,0.02989,0.026253695
2010-06-03 04:00:00,0.02813,0.036337458
2010-06-03 05:00:00,0.04329,0.0386517
2010-06-03 06:00:00,0.03968,0.042853896
2010-06-03 07:00:00,0.03642,0.04110131
2010-06-03 08:00:00,0.02606,0.034022234
2010-06-03 09:00:00,0.03687,0.032006644
2010-06-03 10:00:00,0.02842,0.030802801
2010-06-03 11:00:00,0.02199,0.030767933
2010-06-03 12:00:00,0.03217,0.029137641
2010-06-03 13:00:00,0.026,0.028781602
2010-06-03 14:00:00,0.0257,0.032310013
2010-06-03 15:00:00,0.03368,0.036582943
2010-06-03 16:00:00,0.0395499999999999,0.038880683
2010-06-03 17:00:00,0.04413,0.040165417
2010-06-03 18:00:00,0.03017,0.04367523
2010-06-03 19:00:00,0.04024,0.043094184
2010-06-03 20:00:00,0.02269,0.035384376
2010-06-03 21:00:00,0.0238099999999999,0.032644328
2010-06-03 22:00:00,0.0281,0.029694838
2010-06-03 23:00:00,0.03415,0.025267458
2010-06-04 00:00:00,0.0282399999999999,0.024817323
2010-06-04 01:00:00,0.02837,0.025185473
2010-06-04 02:00:00,0.016,0.025413942
2010-06-04 03:00:00,0.02988,0.026629169
2010-06-04 04:00:00,0.0494099999999999,0.028843354
2010-06-04 05:00:00,0.0619799999999999,0.03893279
2010-06-04 06:00:00,0.02601,0.041728057
2010-06-04 07:00:00,0.03307,0.036330882
2010-06-04 08:00:00,0.03721,0.036962975
2010-06-04 09:00:00,0.0205,0.0317349
2010-06-04 10:00:00,0.03675,0.028074693
2010-06-04 11:00:00,0.0277,0.028216936
2010-06-04 12:00:00,0.01619,0.02704424
2010-06-04 13:00:00,0.03226,0.026850643
2010-06-04 14:00:00,0.0344,0.027847704
2010-06-04 15:00:00,0.03645,0.035111513
2010-06-04 16:00:00,0.05828,0.03769338
2010-06-04 17:00:00,0.0467999999999999,0.038289763
2010-06-04 18:00:00,0.06606,0.037147835
2010-06-04 19:00:00,0.0399,0.04271748
2010-06-04 20:00:00,0.035,0.033126947
2010-06-04 21:00:00,0.0315,0.034300186
2010-06-04 22:00:00,0.03329,0.02919254
2010-06-04 23:00:00,0.02473,0.027591709
2010-06-05 00:00:00,0.02999,0.02323958
2010-06-05 01:00:00,0.02748,0.02510596
2010-06-05 02:00:00,0.02714,0.02391274
2010-06-05 03:00:00,0.00135,0.02451938
2010-06-05 04:00:00,0.02534,0.022557493
2010-06-05 05:00:00,0.03148,0.027098488
2010-06-05 06:00:00,0.02961,0.025355391
2010-06-05 07:00:00,0.02367,0.025513446
2010-06-05 08:00:00,0.02807,0.024081688
2010-06-05 09:00:00,0.02528,0.023091031
2010-06-05 10:00:00,0.02669,0.02317331
2010-06-05 11:00:00,0.01625,0.01837561
2010-06-05 12:00:00,0.01829,0.014441999
2010-06-05 13:00:00,0.01584,0.015886273
2010-06-05 14:00:00,0.02996,0.021523142
2010-06-05 15:00:00,0.02897,0.026848415
2010-06-05 16:00:00,0.03473,0.03281505
2010-06-05 17:00:00,0.0402,0.03382577
2010-06-05 18:00:00,0.03964,0.034610968
2010-06-05 19:00:00,0.02547,0.033837788
2010-06-05 20:00:00,0.02391,0.03538885
2010-06-05 21:00:00,0.02084,0.02985975
2010-06-05 22:00:00,0.02562,0.026218254
2010-06-05 23:00:00,0.02752,0.022658901
2010-06-06 00:00:00,0.02215,0.017236521
2010-06-06 01:00:00,0.01263,0.016009418
2010-06-06 02:00:00,0.01492,0.021325024
2010-06-06 03:00:00,0.01096,0.020064564
2010-06-06 04:00:00,0.01088,0.01813991
2010-06-06 05:00:00,0.01338,0.02159235
2010-06-06 06:00:00,0.014,0.02068827
2010-06-06 07:00:00,0.0185399999999999,0.01983347
2010-06-06 08:00:00,0.00528,0.016099485
2010-06-06 09:00:00,0.017,0.017225789
2010-06-06 10:00:00,0.01496,0.013500614
2010-06-06 11:00:00,0.0035,0.005994415
2010-06-06 12:00:00,-0.0042699999999999,0.0011548518
2010-06-06 13:00:00,-0.00534,0.0052265273
2010-06-06 14:00:00,0.01165,0.013609827
2010-06-06 15:00:00,0.0177,0.018803632
2010-06-06 16:00:00,0.0312399999999999,0.029708236
2010-06-06 17:00:00,0.03663,0.034455974
2010-06-06 18:00:00,0.0301999999999999,0.03178415
2010-06-06 19:00:00,0.02587,0.030765496
2010-06-06 20:00:00,0.04319,0.030417157
2010-06-06 21:00:00,0.02891,0.028351536
2010-06-06 22:00:00,0.026,0.022029264
2010-06-06 23:00:00,0.03028,0.023939293
2010-06-07 00:00:00,0.02201,0.021326834
2010-06-07 01:00:00,0.01802,0.022195326
2010-06-07 02:00:00,0.01964,0.023088755
2010-06-07 03:00:00,0.02136,0.023977451
2010-06-07 04:00:00,0.04579,0.03070075
2010-06-07 05:00:00,0.04492,0.03921653
2010-06-07 06:00:00,0.03605,0.03696985
2010-06-07 07:00:00,0.03624,0.035389323
2010-06-07 08:00:00,0.03267,0.030677829
2010-06-07 09:00:00,0.035,0.031195905
2010-06-07 10:00:00,0.033,0.024668353
2010-06-07 11:00:00,0.03193,0.030987173
2010-06-07 12:00:00,0.02198,0.021408485
2010-06-07 13:00:00,0.02928,0.027835649
2010-06-07 14:00:00,0.03569,0.02650592
2010-06-07 15:00:00,0.0449699999999999,0.032214608
2010-06-07 16:00:00,0.01657,0.039857473
2010-06-07 17:00:00,0.022,0.042624295
2010-06-07 18:00:00,0.0540099999999999,0.041485112
2010-06-07 19:00:00,0.0399,0.03991418
2010-06-07 20:00:00,0.04596,0.036492992
2010-06-07 21:00:00,0.03506,0.029802727
2010-06-07 22:00:00,0.02249,0.027921733
2010-06-07 23:00:00,0.0256,0.026388505
2010-06-08 00:00:00,0.01753,0.02647154
2010-06-08 01:00:00,0.0236499999999999,0.026425261
2010-06-08 02:00:00,0.03096,0.023490213
2010-06-08 03:00:00,0.01996,0.027368117
2010-06-08 04:00:00,0.02579,0.032832935
2010-06-08 05:00:00,0.04385,0.037810255
2010-06-08 06:00:00,0.05543,0.037794113
2010-06-08 07:00:00,0.04374,0.036951676
2010-06-08 08:00:00,0.00258,0.034872558
2010-06-08 09:00:00,0.05402,0.03203032
2010-06-08 10:00:00,0.02879,0.030278122
2010-06-08 11:00:00,-8e-05,0.029372517
2010-06-08 12:00:00,0.04509,0.026787171
2010-06-08 13:00:00,0.03349,0.029907651
2010-06-08 14:00:00,0.03376,0.030325139
2010-06-08 15:00:00,0.033,0.03580346
2010-06-08 16:00:00,0.03659,0.0370155
2010-06-08 17:00:00,0.04617,0.04061714
2010-06-08 18:00:00,0.06712,0.04622474
2010-06-08 19:00:00,0.03554,0.04330021
2010-06-08 20:00:00,0.04627,0.036718607
2010-06-08 21:00:00,0.0370799999999999,0.03436791
2010-06-08 22:00:00,0.02609,0.027324067
2010-06-08 23:00:00,0.03565,0.02649831
2010-06-09 00:00:00,0.03343,0.026402894
2010-06-09 01:00:00,0.02692,0.026890151
2010-06-09 02:00:00,0.02531,0.025243293
2010-06-09 03:00:00,0.02853,0.027191661
2010-06-09 04:00:00,0.04782,0.03251698
2010-06-09 05:00:00,0.04451,0.04407028
2010-06-09 06:00:00,0.04215,0.04465127
2010-06-09 07:00:00,0.05749,0.04134058
2010-06-09 08:00:00,0.04298,0.0387686
2010-06-09 09:00:00,0.04081,0.040129103
2010-06-09 10:00:00,0.02723,0.03249818
2010-06-09 11:00:00,0.03309,0.03215723
2010-06-09 12:00:00,0.0390499999999999,0.03407888
2010-06-09 13:00:00,0.03409,0.032458846
2010-06-09 14:00:00,0.03534,0.032374877
2010-06-09 15:00:00,0.04345,0.038848966
2010-06-09 16:00:00,0.03377,0.043768935
2010-06-09 17:00:00,0.04992,0.042824738
2010-06-09 18:00:00,0.0494099999999999,0.048777886
2010-06-09 19:00:00,0.04564,0.0433189
2010-06-09 20:00:00,0.03145,0.03861635
2010-06-09 21:00:00,0.03499,0.033207063
2010-06-09 22:00:00,0.028,0.029762391
2010-06-09 23:00:00,0.02275,0.028422184
2010-06-10 00:00:00,0.02107,0.027900662
2010-06-10 01:00:00,0.01943,0.02813862
2010-06-10 02:00:00,0.0270599999999999,0.027806884
2010-06-10 03:00:00,0.03003,0.027712418
2010-06-10 04:00:00,0.02886,0.034440253
2010-06-10 05:00:00,0.03459,0.041943282
2010-06-10 06:00:00,0.04291,0.043262236
2010-06-10 07:00:00,0.03693,0.04180285
2010-06-10 08:00:00,0.0388299999999999,0.035652146
2010-06-10 09:00:00,0.0365,0.035825267
2010-06-10 10:00:00,0.03608,0.030631123
2010-06-10 11:00:00,0.02893,0.02853784
2010-06-10 12:00:00,0.032,0.032296743
2010-06-10 13:00:00,0.03253,0.031059919
2010-06-10 14:00:00,0.0257,0.030429052
2010-06-10 15:00:00,0.03368,0.036287844
2010-06-10 16:00:00,0.05009,0.038259633
2010-06-10 17:00:00,0.04482,0.04380304
2010-06-10 18:00:00,0.05223,0.043584757
2010-06-10 19:00:00,0.06261,0.042896476
2010-06-10 20:00:00,0.0343,0.035152406
2010-06-10 21:00:00,0.0238099999999999,0.030724172
2010-06-10 22:00:00,0.0281,0.027411222
2010-06-10 23:00:00,0.02812,0.027119016
2010-06-11 00:00:00,0.01706,0.026759205
2010-06-11 01:00:00,0.033,0.026691766
2010-06-11 02:00:00,0.02563,0.025803665
2010-06-11 03:00:00,0.01709,0.026225641
2010-06-11 04:00:00,0.0494099999999999,0.036075883
2010-06-11 05:00:00,0.0619799999999999,0.041088942
2010-06-11 06:00:00,0.06698,0.04015664
2010-06-11 07:00:00,0.0391899999999999,0.04013436
2010-06-11 08:00:00,0.03456,0.037334923
2010-06-11 09:00:00,0.0205,0.03464793
2010-06-11 10:00:00,0.0349,0.03104461
2010-06-11 11:00:00,0.03279,0.030616438
2010-06-11 12:00:00,0.03328,0.029239759
2010-06-11 13:00:00,0.03406,0.03052402
2010-06-11 14:00:00,0.02866,0.030746188
2010-06-11 15:00:00,0.03498,0.037564192
2010-06-11 16:00:00,0.04079,0.0444155
2010-06-11 17:00:00,0.034,0.045040682
2010-06-11 18:00:00,0.04784,0.047528908
2010-06-11 19:00:00,0.0399,0.04417807
2010-06-11 20:00:00,0.04441,0.035075113
2010-06-11 21:00:00,0.02016,0.031651556
2010-06-11 22:00:00,0.00769,0.028896032
2010-06-11 23:00:00,0.02473,0.026358804
2010-06-12 00:00:00,0.0186999999999999,0.024344763
2010-06-12 01:00:00,0.02163,0.022605322
2010-06-12 02:00:00,0.02714,0.023739476
2010-06-12 03:00:00,-0.05478,0.02161777
2010-06-12 04:00:00,0.0258,0.023449777
2010-06-12 05:00:00,0.03148,0.023922373
2010-06-12 06:00:00,-0.06007,0.025097841
2010-06-12 07:00:00,0.03015,0.02111245
2010-06-12 08:00:00,0.00422,0.020427385
2010-06-12 09:00:00,0.0274699999999999,0.018655322
2010-06-12 10:00:00,0.02669,0.015329091
2010-06-12 11:00:00,0.02156,0.005096432
2010-06-12 12:00:00,0.02845,0.004587826
2010-06-12 13:00:00,0.01568,0.008705064
2010-06-12 14:00:00,5e-05,0.014970769
2010-06-12 15:00:00,0.0097799999999999,0.021000756
2010-06-12 16:00:00,0.0283,0.0296254
2010-06-12 17:00:00,0.0402,0.034554504
2010-06-12 18:00:00,0.02354,0.03612759
2010-06-12 19:00:00,0.03296,0.03404444
2010-06-12 20:00:00,0.02485,0.031079698
2010-06-12 21:00:00,0.03431,0.027390037
2010-06-12 22:00:00,0.02104,0.021750836
2010-06-12 23:00:00,0.02676,0.02324968
2010-06-13 00:00:00,0.02215,0.020394303
2010-06-13 01:00:00,0.01713,0.01737387
2010-06-13 02:00:00,0.02507,0.017530257
2010-06-13 03:00:00,0.0140399999999999,0.014997433
2010-06-13 04:00:00,0.01494,0.01757385
2010-06-13 05:00:00,0.02189,0.018417625
2010-06-13 06:00:00,0.015,0.017398112
2010-06-13 07:00:00,0.02804,0.018296015
2010-06-13 08:00:00,0.02744,0.014843845
2010-06-13 09:00:00,0.017,0.015656808
2010-06-13 10:00:00,0.01694,0.014432114
2010-06-13 11:00:00,0.0035,0.009868042
2010-06-13 12:00:00,0.01514,0.004026756
2010-06-13 13:00:00,0.02465,0.0036404133
2010-06-13 14:00:00,0.02578,0.012804338
2010-06-13 15:00:00,0.0251,0.019889573
2010-06-13 16:00:00,0.0288299999999999,0.027881784
2010-06-13 17:00:00,0.02983,0.031716116
2010-06-13 18:00:00,0.03635,0.03392002
2010-06-13 19:00:00,0.0516,0.03246387
2010-06-13 20:00:00,0.02791,0.03509254
2010-06-13 21:00:00,0.0367199999999999,0.027652953
2010-06-13 22:00:00,0.02657,0.023930777
2010-06-13 23:00:00,0.0226999999999999,0.023700682
2010-06-14 00:00:00,0.0098,0.02505127
2010-06-14 01:00:00,0.02136,0.024131179
2010-06-14 02:00:00,0.02701,0.024516419
2010-06-14 03:00:00,0.00577,0.024780681
2010-06-14 04:00:00,0.03345,0.03486086
2010-06-14 05:00:00,0.03528,0.038999405
2010-06-14 06:00:00,0.03605,0.03634275
2010-06-14 07:00:00,0.03881,0.035599228
2010-06-14 08:00:00,0.00401,0.03236591
2010-06-14 09:00:00,0.03274,0.027757825
2010-06-14 10:00:00,0.00304,0.026411338
2010-06-14 11:00:00,0.03516,0.025244711
2010-06-14 12:00:00,0.03476,0.023883307
2010-06-14 13:00:00,0.031,0.026667485
2010-06-14 14:00:00,0.03952,0.027680373
2010-06-14 15:00:00,0.033,0.03330886
2010-06-14 16:00:00,0.038,0.035143223
2010-06-14 17:00:00,0.03495,0.038510814
2010-06-14 18:00:00,0.04083,0.043885443
2010-06-14 19:00:00,0.04092,0.04156451
2010-06-14 20:00:00,0.03639,0.03808839
2010-06-14 21:00:00,0.029,0.030019669
2010-06-14 22:00:00,0.02839,0.026315525
2010-06-14 23:00:00,0.02659,0.02589426
2010-06-15 00:00:00,0.02588,0.025488267
2010-06-15 01:00:00,0.03005,0.02561906
2010-06-15 02:00:00,0.03096,0.02592559
2010-06-15 03:00:00,0.01996,0.026623458
2010-06-15 04:00:00,0.02937,0.03169676
2010-06-15 05:00:00,0.03195,0.037807826
2010-06-15 06:00:00,0.05543,0.042248975
2010-06-15 07:00:00,0.04374,0.039845403
2010-06-15 08:00:00,0.00258,0.03217449
2010-06-15 09:00:00,0.04668,0.039097067
2010-06-15 10:00:00,0.03875,0.030418763
2010-06-15 11:00:00,0.0361,0.030008754
2010-06-15 12:00:00,0.03639,0.03169699
2010-06-15 13:00:00,0.03491,0.03022986
2010-06-15 14:00:00,0.03066,0.031634603
2010-06-15 15:00:00,0.04292,0.03511898
2010-06-15 16:00:00,0.05196,0.037473302
2010-06-15 17:00:00,0.04807,0.04446256
2010-06-15 18:00:00,0.04309,0.048301104
2010-06-15 19:00:00,0.04129,0.042281073
2010-06-15 20:00:00,0.03841,0.03888753
2010-06-15 21:00:00,0.02801,0.031243779
2010-06-15 22:00:00,0.02748,0.027828202
2010-06-15 23:00:00,0.03337,0.027017945
2010-06-16 00:00:00,0.0278299999999999,0.027163906
2010-06-16 01:00:00,0.0313,0.026652385
2010-06-16 02:00:00,0.02686,0.026639909
2010-06-16 03:00:00,0.02775,0.027657207
2010-06-16 04:00:00,0.03757,0.036335293
2010-06-16 05:00:00,0.04451,0.040679257
2010-06-16 06:00:00,0.05652,0.044751037
2010-06-16 07:00:00,0.03766,0.04567037
2010-06-16 08:00:00,0.04298,0.038297758
2010-06-16 09:00:00,0.04081,0.04032907
2010-06-16 10:00:00,0.02723,0.03263914
2010-06-16 11:00:00,0.03414,0.032153223
2010-06-16 12:00:00,0.03619,0.033385117
2010-06-16 13:00:00,0.03409,0.032079823
2010-06-16 14:00:00,0.033,0.03179795
2010-06-16 15:00:00,0.04006,0.039862312
2010-06-16 16:00:00,0.0485,0.04275018
2010-06-16 17:00:00,0.04711,0.046815384
2010-06-16 18:00:00,0.04232,0.045946695
2010-06-16 19:00:00,0.03971,0.044196032
2010-06-16 20:00:00,0.04464,0.036996745
2010-06-16 21:00:00,0.02777,0.033005822
2010-06-16 22:00:00,0.02978,0.029672788
2010-06-16 23:00:00,0.02834,0.028176684
2010-06-17 00:00:00,0.02464,0.027554126
2010-06-17 01:00:00,0.02603,0.026802512
2010-06-17 02:00:00,0.01896,0.028081773
2010-06-17 03:00:00,0.02989,0.028416188
2010-06-17 04:00:00,0.03745,0.03242807
2010-06-17 05:00:00,0.03609,0.039517418
2010-06-17 06:00:00,0.04449,0.043596897
2010-06-17 07:00:00,0.03693,0.038113907
2010-06-17 08:00:00,0.0329,0.03730226
2010-06-17 09:00:00,0.03698,0.03541324
2010-06-17 10:00:00,0.03608,0.030632155
2010-06-17 11:00:00,0.02866,0.031008234
2010-06-17 12:00:00,0.02994,0.029663047
2010-06-17 13:00:00,0.03003,0.030303681
2010-06-17 14:00:00,0.03194,0.030112408
2010-06-17 15:00:00,0.02638,0.036521707
2010-06-17 16:00:00,0.0396199999999999,0.041208662
2010-06-17 17:00:00,0.05411,0.04363989
2010-06-17 18:00:00,0.0765,0.045392796
2010-06-17 19:00:00,0.04402,0.04623354
2010-06-17 20:00:00,0.0477299999999999,0.037260953
2010-06-17 21:00:00,0.03558,0.031657778
2010-06-17 22:00:00,0.0343,0.02967216
2010-06-17 23:00:00,0.03217,0.028298436
2010-06-18 00:00:00,0.03246,0.027368197
2010-06-18 01:00:00,0.0255899999999999,0.02791418
2010-06-18 02:00:00,0.03209,0.027892567
2010-06-18 03:00:00,0.02988,0.02718658
2010-06-18 04:00:00,0.05733,0.03617235
2010-06-18 05:00:00,0.0389399999999999,0.043025937
2010-06-18 06:00:00,0.04709,0.047996014
2010-06-18 07:00:00,0.04928,0.04162999
2010-06-18 08:00:00,0.03456,0.036648784
2010-06-18 09:00:00,0.03339,0.035281077
2010-06-18 10:00:00,0.03009,0.03223188
2010-06-18 11:00:00,0.03302,0.031803705
2010-06-18 12:00:00,0.01619,0.031501766
2010-06-18 13:00:00,0.03218,0.031427965
2010-06-18 14:00:00,0.0236,0.031860426
2010-06-18 15:00:00,0.02864,0.037797835
2010-06-18 16:00:00,0.04043,0.043856647
2010-06-18 17:00:00,0.0445399999999999,0.04318988
2010-06-18 18:00:00,0.05894,0.046584547
2010-06-18 19:00:00,0.05045,0.04316927
2010-06-18 20:00:00,0.035,0.040048264
2010-06-18 21:00:00,0.02078,0.03223106
2010-06-18 22:00:00,0.0266999999999999,0.028348204
2010-06-18 23:00:00,0.00146,0.027582375
2010-06-19 00:00:00,0.0283,0.022338113
2010-06-19 01:00:00,0.02748,0.023202842
2010-06-19 02:00:00,0.02048,0.022988893
2010-06-19 03:00:00,0.02004,0.020754118
2010-06-19 04:00:00,-0.05995,0.024974994
2010-06-19 05:00:00,0.01986,0.023777017
2010-06-19 06:00:00,0.02844,0.022918658
2010-06-19 07:00:00,0.03227,0.023871973
2010-06-19 08:00:00,0.02206,0.021632688
2010-06-19 09:00:00,0.02998,0.01832988
2010-06-19 10:00:00,-0.0759,0.017306289
2010-06-19 11:00:00,0.01625,0.005368414
2010-06-19 12:00:00,-0.09001,0.008849909
2010-06-19 13:00:00,0.02519,0.00419821
2010-06-19 14:00:00,0.01852,0.014607142
2010-06-19 15:00:00,-0.06504,0.01716337
2010-06-19 16:00:00,-0.05994,0.027231827
2010-06-19 17:00:00,0.03052,0.03522055
2010-06-19 18:00:00,0.02596,0.03378138
2010-06-19 19:00:00,0.04995,0.031972826
2010-06-19 20:00:00,0.03403,0.031040851
2010-06-19 21:00:00,0.02809,0.027349735
2010-06-19 22:00:00,0.01853,0.02276421
2010-06-19 23:00:00,0.02103,0.02079738
2010-06-20 00:00:00,0.02911,0.020031342
2010-06-20 01:00:00,0.01713,0.018891787
2010-06-20 02:00:00,0.0148399999999999,0.020635862
2010-06-20 03:00:00,0.0252,0.017887013
2010-06-20 04:00:00,0.01226,0.017357677
2010-06-20 05:00:00,0.0233099999999999,0.019568877
2010-06-20 06:00:00,0.0133599999999999,0.018474033
2010-06-20 07:00:00,0.0185399999999999,0.020059196
2010-06-20 08:00:00,0.00528,0.01904203
2010-06-20 09:00:00,0.00906,0.013627218
2010-06-20 10:00:00,0.00891,0.0070354384
2010-06-20 11:00:00,0.01308,0.0016688262
2010-06-20 12:00:00,0.01493,0.00072821334
2010-06-20 13:00:00,0.01064,0.0022463328
2010-06-20 14:00:00,0.0035,0.010368097
2010-06-20 15:00:00,0.0319,0.017256768
2010-06-20 16:00:00,0.02504,0.02574665
2010-06-20 17:00:00,0.03561,0.031213656
2010-06-20 18:00:00,0.05053,0.03356724
2010-06-20 19:00:00,0.02587,0.03301993
2010-06-20 20:00:00,0.04112,0.029201405
2010-06-20 21:00:00,0.02891,0.027827194
2010-06-20 22:00:00,0.02357,0.024073932
2010-06-20 23:00:00,0.0206499999999999,0.021685287
2010-06-21 00:00:00,0.02996,0.022060465
2010-06-21 01:00:00,0.02948,0.023220615
2010-06-21 02:00:00,0.02949,0.024038976
2010-06-21 03:00:00,0.02303,0.02264759
2010-06-21 04:00:00,0.02993,0.029916756
2010-06-21 05:00:00,0.01005,0.035932545
2010-06-21 06:00:00,0.04278,0.037343025
2010-06-21 07:00:00,0.04181,0.038121097
2010-06-21 08:00:00,0.03308,0.026490342
2010-06-21 09:00:00,0.035,0.028776271
2010-06-21 10:00:00,0.033,0.02409962
2010-06-21 11:00:00,0.03546,0.026666801
2010-06-21 12:00:00,0.03476,0.027570562
2010-06-21 13:00:00,0.0355,0.02684368
2010-06-21 14:00:00,0.0290799999999999,0.029269163
2010-06-21 15:00:00,0.03141,0.034943767
2010-06-21 16:00:00,0.03439,0.036601584
2010-06-21 17:00:00,0.022,0.039842196
2010-06-21 18:00:00,0.0540099999999999,0.042204455
2010-06-21 19:00:00,0.04092,0.042471692
2010-06-21 20:00:00,0.03639,0.03668215
2010-06-21 21:00:00,0.0391,0.030873358
2010-06-21 22:00:00,0.0280799999999999,0.027388545
2010-06-21 23:00:00,0.02712,0.026844606
2010-06-22 00:00:00,0.01499,0.025739454
2010-06-22 01:00:00,0.01465,0.025576366
2010-06-22 02:00:00,0.02434,0.026148893
2010-06-22 03:00:00,0.03109,0.026421279
2010-06-22 04:00:00,0.04295,0.031646933
2010-06-22 05:00:00,0.03744,0.036837827
2010-06-22 06:00:00,0.04229,0.044192627
2010-06-22 07:00:00,0.04374,0.039363742
2010-06-22 08:00:00,0.04224,0.031840418
2010-06-22 09:00:00,0.00039,0.033441726
2010-06-22 10:00:00,0.03875,0.02948118
2010-06-22 11:00:00,0.0361,0.029929167
2010-06-22 12:00:00,0.03639,0.029295765
2010-06-22 13:00:00,0.01806,0.0299342
2010-06-22 14:00:00,0.04292,0.030458702
2010-06-22 15:00:00,0.04774,0.035603605
2010-06-22 16:00:00,0.04513,0.04180506
2010-06-22 17:00:00,0.03338,0.04352041
2010-06-22 18:00:00,0.0361,0.044374537
2010-06-22 19:00:00,0.04129,0.04290451
2010-06-22 20:00:00,0.04706,0.037899733
2010-06-22 21:00:00,0.0316,0.031195391
2010-06-22 22:00:00,0.03412,0.027654232
2010-06-22 23:00:00,0.03137,0.026815915
2010-06-23 00:00:00,0.02455,0.026167326
2010-06-23 01:00:00,0.0332299999999999,0.026199866
2010-06-23 02:00:00,0.0202399999999999,0.027154898
2010-06-23 03:00:00,0.02853,0.02637636
2010-06-23 04:00:00,0.04307,0.032292116
2010-06-23 05:00:00,0.05982,0.03875224
2010-06-23 06:00:00,0.05652,0.045926686
2010-06-23 07:00:00,0.04844,0.04056675
2010-06-23 08:00:00,0.0404,0.040859926
2010-06-23 09:00:00,0.0367,0.037568234
2010-06-23 10:00:00,0.03885,0.033116706
2010-06-23 11:00:00,0.03693,0.03209802
2010-06-23 12:00:00,0.02558,0.031749394
2010-06-23 13:00:00,0.0380099999999999,0.032103054
2010-06-23 14:00:00,0.03534,0.034301337
2010-06-23 15:00:00,0.03716,0.041057795
2010-06-23 16:00:00,0.04828,0.045318075
2010-06-23 17:00:00,0.05144,0.04467493
2010-06-23 18:00:00,0.0401,0.04642612
2010-06-23 19:00:00,0.0326,0.04350775
2010-06-23 20:00:00,0.04464,0.040881127
2010-06-23 21:00:00,0.03209,0.03287458
2010-06-23 22:00:00,0.03032,0.030262597
2010-06-23 23:00:00,0.02098,0.028723322
2010-06-24 00:00:00,0.01961,0.0286782
2010-06-24 01:00:00,0.02403,0.02794131
2010-06-24 02:00:00,0.02832,0.02738905
2010-06-24 03:00:00,0.02754,0.028467197
2010-06-24 04:00:00,0.03449,0.03419693
2010-06-24 05:00:00,0.03459,0.040946174
2010-06-24 06:00:00,0.04397,0.04458911
2010-06-24 07:00:00,0.02896,0.040370688
2010-06-24 08:00:00,0.0329,0.035870165
2010-06-24 09:00:00,0.0365,0.03298829
2010-06-24 10:00:00,0.0305,0.031342097
2010-06-24 11:00:00,0.02893,0.030293945
2010-06-24 12:00:00,0.02994,0.0297272
2010-06-24 13:00:00,0.03253,0.030148687
2010-06-24 14:00:00,0.03194,0.030953487
2010-06-24 15:00:00,0.03576,0.036567535
2010-06-24 16:00:00,0.0419,0.039567113
2010-06-24 17:00:00,0.04482,0.04483636
2010-06-24 18:00:00,0.05223,0.046437476
2010-06-24 19:00:00,0.02709,0.042326048
2010-06-24 20:00:00,0.04663,0.03992757
2010-06-24 21:00:00,0.04147,0.030193312
2010-06-24 22:00:00,0.03344,0.027669447
2010-06-24 23:00:00,0.01796,0.026965223
2010-06-25 00:00:00,0.01706,0.026257537
2010-06-25 01:00:00,0.0255899999999999,0.026436519
2010-06-25 02:00:00,0.02563,0.025579236
2010-06-25 03:00:00,0.02988,0.02717505
2010-06-25 04:00:00,0.02292,0.03832075
2010-06-25 05:00:00,0.07375,0.039154295
2010-06-25 06:00:00,0.06698,0.04309228
2010-06-25 07:00:00,0.03608,0.040830206
2010-06-25 08:00:00,0.04399,0.03627734
2010-06-25 09:00:00,0.03464,0.035251305
2010-06-25 10:00:00,0.03009,0.031189658
2010-06-25 11:00:00,0.024,0.030984761
2010-06-25 12:00:00,0.0324099999999999,0.028839367
2010-06-25 13:00:00,0.03218,0.030880816
2010-06-25 14:00:00,0.0174,0.030175036
2010-06-25 15:00:00,0.02864,0.03537894
2010-06-25 16:00:00,0.04079,0.040910296
2010-06-25 17:00:00,0.0467999999999999,0.04474516
2010-06-25 18:00:00,0.03422,0.04608003
2010-06-25 19:00:00,0.03413,0.042327344
2010-06-25 20:00:00,0.04854,0.03674481
2010-06-25 21:00:00,0.0373999999999999,0.03025047
2010-06-25 22:00:00,0.02098,0.02750548
2010-06-25 23:00:00,-0.01995,0.025805388
2010-06-26 00:00:00,0.0228,0.02573422
2010-06-26 01:00:00,0.02762,0.025181588
2010-06-26 02:00:00,0.019,0.023012789
2010-06-26 03:00:00,0.02566,0.022191145
2010-06-26 04:00:00,0.02534,0.02151537
2010-06-26 05:00:00,0.01986,0.02618109
2010-06-26 06:00:00,0.02417,0.024801297
2010-06-26 07:00:00,0.0191,0.024473364
2010-06-26 08:00:00,0.00422,0.02374794
2010-06-26 09:00:00,0.0215,0.020054711
2010-06-26 10:00:00,0.02538,0.01307751
2010-06-26 11:00:00,0.02582,0.010188079
2010-06-26 12:00:00,0.02354,-6.4819e-05
2010-06-26 13:00:00,-0.08504,0.0065479465
2010-06-26 14:00:00,0.01898,0.015609645
2010-06-26 15:00:00,0.03018,0.019242417
2010-06-26 16:00:00,0.03695,0.026496088
2010-06-26 17:00:00,0.03087,0.031697992
2010-06-26 18:00:00,0.03228,0.034106717
2010-06-26 19:00:00,0.02298,0.03551608
2010-06-26 20:00:00,0.03909,0.03218222
2010-06-26 21:00:00,0.03158,0.029191634
2010-06-26 22:00:00,0.01853,0.025017245
2010-06-26 23:00:00,0.02752,0.021945456
2010-06-27 00:00:00,0.02605,0.022784837
2010-06-27 01:00:00,0.01426,0.020270327
2010-06-27 02:00:00,0.01548,0.019660035
2010-06-27 03:00:00,0.0140399999999999,0.021052606
2010-06-27 04:00:00,0.02479,0.017664226
2010-06-27 05:00:00,0.02693,0.0218624
2010-06-27 06:00:00,0.0252,0.019267779
2010-06-27 07:00:00,0.01724,0.01861763
2010-06-27 08:00:00,0.0156,0.014931008
2010-06-27 09:00:00,0.017,0.014712992
2010-06-27 10:00:00,0.02717,0.014210807
2010-06-27 11:00:00,0.0035,0.003611337
2010-06-27 12:00:00,0.0231,0.0010688286
2010-06-27 13:00:00,0.02465,0.0028600115
2010-06-27 14:00:00,0.00222,0.012398139
2010-06-27 15:00:00,0.0234899999999999,0.020036623
2010-06-27 16:00:00,0.0248299999999999,0.028672794
2010-06-27 17:00:00,0.02536,0.032004695
2010-06-27 18:00:00,0.03813,0.033959556
2010-06-27 19:00:00,0.02587,0.032559063
2010-06-27 20:00:00,0.03233,0.036017146
2010-06-27 21:00:00,0.02985,0.02847386
2010-06-27 22:00:00,0.03306,0.023712184
2010-06-27 23:00:00,0.02568,0.021743078
2010-06-28 00:00:00,0.02778,0.025280861
2010-06-28 01:00:00,0.02136,0.025310082
2010-06-28 02:00:00,0.02125,0.025115715
2010-06-28 03:00:00,0.02583,0.025929738
2010-06-28 04:00:00,0.02684,0.0316499
2010-06-28 05:00:00,0.04192,0.03148517
2010-06-28 06:00:00,0.01096,0.039703336
2010-06-28 07:00:00,0.0391899999999999,0.037209906
2010-06-28 08:00:00,0.03464,0.032102007
2010-06-28 09:00:00,0.03771,0.02807239
2010-06-28 10:00:00,0.03004,0.026800854
2010-06-28 11:00:00,0.02467,0.025869967
2010-06-28 12:00:00,-0.04817,0.025612377
2010-06-28 13:00:00,0.03141,0.021977179
2010-06-28 14:00:00,0.0280799999999999,0.025092104
2010-06-28 15:00:00,0.0449699999999999,0.030664722
2010-06-28 16:00:00,0.03296,0.0353851
2010-06-28 17:00:00,0.0505,0.038001742
2010-06-28 18:00:00,0.03763,0.04438759
2010-06-28 19:00:00,0.05824,0.040850706
2010-06-28 20:00:00,0.04553,0.036344934
2010-06-28 21:00:00,0.03301,0.03458
2010-06-28 22:00:00,0.02249,0.027651627
2010-06-28 23:00:00,0.02102,0.02662611
2010-06-29 00:00:00,0.0306,0.026136924
2010-06-29 01:00:00,0.02367,0.02601703
2010-06-29 02:00:00,0.03096,0.026316876
2010-06-29 03:00:00,0.02913,0.027306996
2010-06-29 04:00:00,0.0335,0.035226922
2010-06-29 05:00:00,0.05029,0.036387783
2010-06-29 06:00:00,0.05285,0.039574344
2010-06-29 07:00:00,0.04246,0.038849257
2010-06-29 08:00:00,0.03932,0.036411326
2010-06-29 09:00:00,0.0389,0.031605523
2010-06-29 10:00:00,0.04412,0.030907031
2010-06-29 11:00:00,0.03497,0.02996479
2010-06-29 12:00:00,6e-05,0.031717837
2010-06-29 13:00:00,0.03349,0.03007164
2010-06-29 14:00:00,0.04292,0.032703172
2010-06-29 15:00:00,0.0337299999999999,0.03945438
2010-06-29 16:00:00,0.05938,0.041720785
2010-06-29 17:00:00,0.05993,0.043414984
2010-06-29 18:00:00,0.07309,0.042294394
2010-06-29 19:00:00,0.0532,0.044826016
2010-06-29 20:00:00,0.0461,0.04080014
2010-06-29 21:00:00,0.02801,0.032856807
2010-06-29 22:00:00,0.02392,0.030332765
2010-06-29 23:00:00,0.0303799999999999,0.029641774
2010-06-30 00:00:00,0.0226099999999999,0.02822337
2010-06-30 01:00:00,0.02454,0.028846823
2010-06-30 02:00:00,0.02653,0.02704248
2010-06-30 03:00:00,0.03328,0.027411649
2010-06-30 04:00:00,0.02941,0.035448495
2010-06-30 05:00:00,0.05982,0.044502772
2010-06-30 06:00:00,0.06261,0.04567084
2010-06-30 07:00:00,0.04928,0.044944655
2010-06-30 08:00:00,0.05191,0.042157438
2010-06-30 09:00:00,0.03839,0.03808742
2010-06-30 10:00:00,0.03508,0.03684231
2010-06-30 11:00:00,0.03601,0.03323039
2010-06-30 12:00:00,0.03505,0.031630278
2010-06-30 13:00:00,0.03409,0.03356166
2010-06-30 14:00:00,0.03491,0.03568796
2010-06-30 15:00:00,0.04345,0.04021305
2010-06-30 16:00:00,0.04828,0.04747588
2010-06-30 17:00:00,0.04711,0.04979426
2010-06-30 18:00:00,0.0330499999999999,0.049134012
2010-06-30 19:00:00,0.03897,0.043766696
2010-06-30 20:00:00,0.04464,0.041137453
2010-06-30 21:00:00,0.0239899999999999,0.033305507
2010-06-30 22:00:00,0.02217,0.030488895
2010-06-30 23:00:00,0.02834,0.027919725
2010-07-01 00:00:00,0.0280599999999999,0.029459246
2010-07-01 01:00:00,0.0272,0.030071426
2010-07-01 02:00:00,0.0278999999999999,0.030830787
2010-07-01 03:00:00,0.03143,0.03137333
2010-07-01 04:00:00,0.04707,0.035913132
2010-07-01 05:00:00,0.04431,0.043002352
2010-07-01 06:00:00,0.03936,0.046227295
2010-07-01 07:00:00,0.0567,0.041839402
2010-07-01 08:00:00,0.0587,0.039544813
2010-07-01 09:00:00,0.03089,0.03780175
2010-07-01 10:00:00,0.02973,0.03352656
2010-07-01 11:00:00,0.02965,0.03304367
2010-07-01 12:00:00,0.0278999999999999,0.03242639
2010-07-01 13:00:00,0.03972,0.03312083
2010-07-01 14:00:00,0.03093,0.033862513
2010-07-01 15:00:00,0.0380799999999999,0.04110939
2010-07-01 16:00:00,0.04635,0.04495757
2010-07-01 17:00:00,0.06002,0.04670792
2010-07-01 18:00:00,0.0567999999999999,0.04960674
2010-07-01 19:00:00,0.04843,0.043040298
2010-07-01 20:00:00,0.04169,0.042810682
2010-07-01 21:00:00,0.0419099999999999,0.038270127
2010-07-01 22:00:00,0.0389399999999999,0.03318762
2010-07-01 23:00:00,0.029,0.030470427
2010-07-02 00:00:00,0.03719,0.028727105
2010-07-02 01:00:00,0.03127,0.031936735
2010-07-02 02:00:00,0.03637,0.031860556
2010-07-02 03:00:00,0.0290799999999999,0.032634754
2010-07-02 04:00:00,0.03999,0.036473423
2010-07-02 05:00:00,0.0471,0.046616834
2010-07-02 06:00:00,0.04491,0.04913081
2010-07-02 07:00:00,0.04165,0.043141544
2010-07-02 08:00:00,0.04176,0.04371146
2010-07-02 09:00:00,0.03604,0.037214994
2010-07-02 10:00:00,0.04401,0.033409405
2010-07-02 11:00:00,0.02949,0.032506205
2010-07-02 12:00:00,0.03009,0.033891045
2010-07-02 13:00:00,0.038,0.034704614
2010-07-02 14:00:00,0.03495,0.03315339
2010-07-02 15:00:00,0.0312199999999999,0.04005418
2010-07-02 16:00:00,0.05127,0.045803994
2010-07-02 17:00:00,0.0536199999999999,0.04723921
2010-07-02 18:00:00,0.04912,0.044638887
2010-07-02 19:00:00,0.04615,0.042307235
2010-07-02 20:00:00,0.04814,0.041792788
2010-07-02 21:00:00,0.02918,0.036564887
2010-07-02 22:00:00,0.02719,0.032176558
2010-07-02 23:00:00,0.0305399999999999,0.025698647
2010-07-03 00:00:00,0.03701,0.027610913
2010-07-03 01:00:00,0.03604,0.02735817
2010-07-03 02:00:00,0.025,0.02689558
2010-07-03 03:00:00,0.03403,0.028176272
2010-07-03 04:00:00,0.035,0.028780922
2010-07-03 05:00:00,0.0359,0.030659396
2010-07-03 06:00:00,0.0367899999999999,0.03071668
2010-07-03 07:00:00,0.00241,0.032204036
2010-07-03 08:00:00,0.02653,0.02999294
2010-07-03 09:00:00,0.039,0.025512362
2010-07-03 10:00:00,0.02026,0.025615273
2010-07-03 11:00:00,0.02779,0.020935796
2010-07-03 12:00:00,0.02494,0.01838981
2010-07-03 13:00:00,0.0224499999999999,0.017087337
2010-07-03 14:00:00,0.03356,0.023508633
2010-07-03 15:00:00,0.028,0.029235793
2010-07-03 16:00:00,0.0289,0.03333436
2010-07-03 17:00:00,0.034,0.036061905
2010-07-03 18:00:00,0.03841,0.036130432
2010-07-03 19:00:00,0.03619,0.035117716
2010-07-03 20:00:00,0.0392,0.03580031
2010-07-03 21:00:00,0.02491,0.029675992
2010-07-03 22:00:00,0.0345,0.02518497
2010-07-03 23:00:00,0.0216,0.026905036
2010-07-04 00:00:00,0.0282,0.026056278
2010-07-04 01:00:00,0.0262699999999999,0.022916868
2010-07-04 02:00:00,0.0247,0.023023935
2010-07-04 03:00:00,0.03214,0.022330672
2010-07-04 04:00:00,-0.01491,0.023225611
2010-07-04 05:00:00,0.0254,0.025269423
2010-07-04 06:00:00,0.02491,0.026088996
2010-07-04 07:00:00,0.03692,0.02003838
2010-07-04 08:00:00,0.02599,0.022319404
2010-07-04 09:00:00,0.03716,0.022030782
2010-07-04 10:00:00,0.02319,0.021409161
2010-07-04 11:00:00,0.01305,0.011969392
2010-07-04 12:00:00,0.00939,0.005569382
2010-07-04 13:00:00,-0.0649599999999999,0.013303399
2010-07-04 14:00:00,-0.00207,0.008555764
2010-07-04 15:00:00,0.03494,0.020352475
2010-07-04 16:00:00,0.0292,0.031035872
2010-07-04 17:00:00,0.03897,0.033797726
2010-07-04 18:00:00,0.0399099999999999,0.035042908
2010-07-04 19:00:00,0.0390499999999999,0.033878542
2010-07-04 20:00:00,0.04372,0.033777423
2010-07-04 21:00:00,0.03523,0.030299632
2010-07-04 22:00:00,0.0378,0.02569563
2010-07-04 23:00:00,0.00771,0.024944494
2010-07-05 00:00:00,0.03423,0.027392564
2010-07-05 01:00:00,0.00337,0.02666602
2010-07-05 02:00:00,0.00323,0.026267393
2010-07-05 03:00:00,0.00561,0.027764153
2010-07-05 04:00:00,0.0358599999999999,0.035021514
2010-07-05 05:00:00,0.03906,0.04053119
2010-07-05 06:00:00,0.0574,0.033519138
2010-07-05 07:00:00,0.04647,0.03841738
2010-07-05 08:00:00,0.04884,0.03524627
2010-07-05 09:00:00,0.0399399999999999,0.03088781
2010-07-05 10:00:00,0.044,0.02692694
2010-07-05 11:00:00,0.0305399999999999,0.025596464
2010-07-05 12:00:00,0.02536,0.020646831
2010-07-05 13:00:00,0.03831,0.030602459
2010-07-05 14:00:00,0.0267199999999999,0.03439305
2010-07-05 15:00:00,0.00123,0.038197998
2010-07-05 16:00:00,0.04256,0.039685547
2010-07-05 17:00:00,0.0459399999999999,0.045364454
2010-07-05 18:00:00,0.03632,0.042409636
2010-07-05 19:00:00,0.04344,0.04611782
2010-07-05 20:00:00,0.03943,0.04079104
2010-07-05 21:00:00,0.03197,0.033598963
2010-07-05 22:00:00,0.02956,0.030418433
2010-07-05 23:00:00,0.01916,0.028890047
2010-07-06 00:00:00,0.02981,0.028436963
2010-07-06 01:00:00,0.02475,0.028036034
2010-07-06 02:00:00,0.02491,0.029001087
2010-07-06 03:00:00,0.03954,0.029905204
2010-07-06 04:00:00,0.03584,0.034116622
2010-07-06 05:00:00,0.04695,0.042715468
2010-07-06 06:00:00,0.04406,0.045444973
2010-07-06 07:00:00,0.03333,0.04250932
2010-07-06 08:00:00,0.03082,0.04035515
2010-07-06 09:00:00,0.0443,0.036820516
2010-07-06 10:00:00,0.04097,0.034614112
2010-07-06 11:00:00,0.0399,0.03171963
2010-07-06 12:00:00,0.00148,0.027570575
2010-07-06 13:00:00,0.04095,0.03216373
2010-07-06 14:00:00,0.0362,0.032512728
2010-07-06 15:00:00,0.0386899999999999,0.037777014
2010-07-06 16:00:00,0.03802,0.04353776
2010-07-06 17:00:00,0.05264,0.04694532
2010-07-06 18:00:00,0.03694,0.04840106
2010-07-06 19:00:00,0.0404799999999999,0.046528935
2010-07-06 20:00:00,0.055,0.041264813
2010-07-06 21:00:00,0.03666,0.035159744
2010-07-06 22:00:00,0.04002,0.03181575
2010-07-06 23:00:00,0.0235,0.031068834
2010-07-07 00:00:00,0.03041,0.029653694
2010-07-07 01:00:00,0.02737,0.029715106
2010-07-07 02:00:00,0.02984,0.030662617
2010-07-07 03:00:00,0.0335,0.032180276
2010-07-07 04:00:00,0.04578,0.036385104
2010-07-07 05:00:00,0.06111,0.045515083
2010-07-07 06:00:00,0.05735,0.048341457
2010-07-07 07:00:00,0.0462,0.043678008
2010-07-07 08:00:00,0.04134,0.043837048
2010-07-07 09:00:00,0.03231,0.03940502
2010-07-07 10:00:00,0.0283999999999999,0.035062358
2010-07-07 11:00:00,0.04408,0.034379583
2010-07-07 12:00:00,7.000000000000001e-05,0.032803003
2010-07-07 13:00:00,0.04317,0.034533877
2010-07-07 14:00:00,0.04321,0.03419095
2010-07-07 15:00:00,0.033,0.03964578
2010-07-07 16:00:00,0.02674,0.045469467
2010-07-07 17:00:00,0.04574,0.04795709
2010-07-07 18:00:00,0.05147,0.04321592
2010-07-07 19:00:00,0.03938,0.044468462
2010-07-07 20:00:00,0.04209,0.042906635
2010-07-07 21:00:00,0.04262,0.03493792
2010-07-07 22:00:00,0.03597,0.032096982
2010-07-07 23:00:00,0.03091,0.030843884
2010-07-08 00:00:00,0.02984,0.031000163
2010-07-08 01:00:00,0.035,0.030866949
2010-07-08 02:00:00,0.02973,0.031064803
2010-07-08 03:00:00,0.03019,0.031905856
2010-07-08 04:00:00,0.0438,0.041193087
2010-07-08 05:00:00,0.03964,0.04496966
2010-07-08 06:00:00,0.03972,0.04470649
2010-07-08 07:00:00,0.05804,0.045281228
2010-07-08 08:00:00,0.04708,0.04359506
2010-07-08 09:00:00,0.0309699999999999,0.037745383
2010-07-08 10:00:00,0.02673,0.033470526
2010-07-08 11:00:00,0.02925,0.034479067
2010-07-08 12:00:00,0.0456899999999999,0.032657787
2010-07-08 13:00:00,0.04403,0.03629906
2010-07-08 14:00:00,0.046,0.03559921
2010-07-08 15:00:00,0.0388699999999999,0.040694147
2010-07-08 16:00:00,0.04994,0.04532294
2010-07-08 17:00:00,0.05479,0.051093668
2010-07-08 18:00:00,0.04739,0.05007022
2010-07-08 19:00:00,0.04904,0.04649524
2010-07-08 20:00:00,0.045,0.043467067
2010-07-08 21:00:00,0.04188,0.039059594
2010-07-08 22:00:00,0.03786,0.03597443
2010-07-08 23:00:00,0.03462,0.03205759
2010-07-09 00:00:00,0.02951,0.03192494
2010-07-09 01:00:00,0.0311,0.03202325
2010-07-09 02:00:00,0.0278999999999999,0.03204423
2010-07-09 03:00:00,0.0320499999999999,0.0324907
2010-07-09 04:00:00,0.03806,0.040524326
2010-07-09 05:00:00,0.04274,0.044767782
2010-07-09 06:00:00,0.05418,0.046140905
2010-07-09 07:00:00,0.0434,0.046343043
2010-07-09 08:00:00,0.0523999999999999,0.042921104
2010-07-09 09:00:00,0.04703,0.037599355
2010-07-09 10:00:00,0.03843,0.035954755
2010-07-09 11:00:00,0.037,0.034123834
2010-07-09 12:00:00,0.03574,0.034665637
2010-07-09 13:00:00,0.0392,0.03580956
2010-07-09 14:00:00,0.03936,0.036721673
2010-07-09 15:00:00,0.03297,0.04011938
2010-07-09 16:00:00,0.03497,0.045976676
2010-07-09 17:00:00,0.0536199999999999,0.048001043
2010-07-09 18:00:00,0.0369699999999999,0.046936512
2010-07-09 19:00:00,0.03525,0.04482956
2010-07-09 20:00:00,0.0506,0.04205142
2010-07-09 21:00:00,0.04142,0.037043136
2010-07-09 22:00:00,0.03335,0.034064863
2010-07-09 23:00:00,0.03838,0.032039028
2010-07-10 00:00:00,0.02793,0.029201886
2010-07-10 01:00:00,0.03052,0.027922813
2010-07-10 02:00:00,0.03001,0.027871648
2010-07-10 03:00:00,0.02504,0.028173681
2010-07-10 04:00:00,0.02518,0.029765366
2010-07-10 05:00:00,0.0263,0.031748164
2010-07-10 06:00:00,0.02687,0.032512058
2010-07-10 07:00:00,0.03943,0.031379886
2010-07-10 08:00:00,0.0297,0.030297928
2010-07-10 09:00:00,0.00038,0.031387553
2010-07-10 10:00:00,2e-05,0.022266822
2010-07-10 11:00:00,0.02286,0.022190943
2010-07-10 12:00:00,0.02494,0.015359963
2010-07-10 13:00:00,0.0261,0.01626653
2010-07-10 14:00:00,0.0136099999999999,0.022996947
2010-07-10 15:00:00,0.028,0.027680738
2010-07-10 16:00:00,0.0289,0.031343117
2010-07-10 17:00:00,0.02803,0.036346503
2010-07-10 18:00:00,0.03753,0.03566099
2010-07-10 19:00:00,0.03619,0.034971572
2010-07-10 20:00:00,0.028,0.036633696
2010-07-10 21:00:00,0.02491,0.02932018
2010-07-10 22:00:00,0.03585,0.026983397
2010-07-10 23:00:00,0.0300199999999999,0.023841372
2010-07-11 00:00:00,8e-05,0.02409414
2010-07-11 01:00:00,0.0254,0.02240743
2010-07-11 02:00:00,0.02502,0.021714944
2010-07-11 03:00:00,0.02506,0.022720784
2010-07-11 04:00:00,0.03229,0.018092833
2010-07-11 05:00:00,0.0281,0.022305075
2010-07-11 06:00:00,-0.0138699999999999,0.021145357
2010-07-11 07:00:00,0.01783,0.021368379
2010-07-11 08:00:00,0.02969,0.021252038
2010-07-11 09:00:00,0.002,0.018721307
2010-07-11 10:00:00,0.01862,0.011033224
2010-07-11 11:00:00,0.01604,0.0033358703
2010-07-11 12:00:00,0.01476,-0.0037402245
2010-07-11 13:00:00,0.02089,-0.00014092134
2010-07-11 14:00:00,0.01811,0.010326436
2010-07-11 15:00:00,0.0239699999999999,0.017555263
2010-07-11 16:00:00,0.0383699999999999,0.028625619
2010-07-11 17:00:00,0.04003,0.036048282
2010-07-11 18:00:00,0.01917,0.035732843
2010-07-11 19:00:00,0.03795,0.03527743
2010-07-11 20:00:00,0.0370799999999999,0.03746185
2010-07-11 21:00:00,0.03204,0.027095951
2010-07-11 22:00:00,0.02948,0.026387012
2010-07-11 23:00:00,0.03405,0.015500822
2010-07-12 00:00:00,0.00645,0.02739375
2010-07-12 01:00:00,0.00337,0.025340972
2010-07-12 02:00:00,0.026,0.025340972
2010-07-12 03:00:00,0.03684,0.025618851
2010-07-12 04:00:00,0.04491,0.0351544
2010-07-12 05:00:00,0.03906,0.040048257
2010-07-12 06:00:00,0.05285,0.041522317
2010-07-12 07:00:00,0.03768,0.042250864
2010-07-12 08:00:00,0.03687,0.039873317
2010-07-12 09:00:00,0.0011,0.03285559
2010-07-12 10:00:00,0.02946,0.030582005
2010-07-12 11:00:00,0.03839,0.029355181
2010-07-12 12:00:00,0.03046,0.029667791
2010-07-12 13:00:00,0.027,0.029749034
2010-07-12 14:00:00,-2e-05,0.030242067
2010-07-12 15:00:00,0.04498,0.033935092
2010-07-12 16:00:00,0.0385,0.03942625
2010-07-12 17:00:00,0.06074,0.042421084
2010-07-12 18:00:00,0.03451,0.04151961
2010-07-12 19:00:00,0.04101,0.043134604
2010-07-12 20:00:00,0.0407999999999999,0.040079676
2010-07-12 21:00:00,0.04325,0.03390122
2010-07-12 22:00:00,0.03447,0.031339277
2010-07-12 23:00:00,0.02785,0.02891255
2010-07-13 00:00:00,0.03816,0.028844556
2010-07-13 01:00:00,0.0277399999999999,0.028434452
2010-07-13 02:00:00,0.03632,0.02680801
2010-07-13 03:00:00,0.0377,0.033839002
2010-07-13 04:00:00,0.031,0.036804214
2010-07-13 05:00:00,0.04291,0.04218319
2010-07-13 06:00:00,0.04914,0.041227747
2010-07-13 07:00:00,0.03525,0.039482214
2010-07-13 08:00:00,0.0235799999999999,0.038516
2010-07-13 09:00:00,0.02617,0.034978803
2010-07-13 10:00:00,0.04207,0.033563655
2010-07-13 11:00:00,0.02498,0.033368874
2010-07-13 12:00:00,0.03657,0.029429816
2010-07-13 13:00:00,0.03995,0.03383427
2010-07-13 14:00:00,0.03978,0.033581927
2010-07-13 15:00:00,0.0529699999999999,0.041237477
2010-07-13 16:00:00,0.04881,0.043078378
2010-07-13 17:00:00,0.04078,0.04959816
2010-07-13 18:00:00,0.03694,0.042221613
2010-07-13 19:00:00,0.04599,0.04467243
2010-07-13 20:00:00,0.04214,0.044615585
2010-07-13 21:00:00,0.03705,0.036478415
2010-07-13 22:00:00,0.03593,0.03418696
2010-07-13 23:00:00,0.0388699999999999,0.030078819
2010-07-14 00:00:00,0.03598,0.030771378
2010-07-14 01:00:00,0.02238,0.030455276
2010-07-14 02:00:00,0.02801,0.03107232
2010-07-14 03:00:00,0.0335,0.031662405
2010-07-14 04:00:00,0.04403,0.038990654
2010-07-14 05:00:00,0.06111,0.045901097
2010-07-14 06:00:00,0.047,0.047866102
2010-07-14 07:00:00,0.04399,0.04336029
2010-07-14 08:00:00,0.04134,0.041387893
2010-07-14 09:00:00,0.0334,0.037990008
2010-07-14 10:00:00,0.0295,0.03522341
2010-07-14 11:00:00,0.03014,0.035120975
2010-07-14 12:00:00,0.0402,0.032238618
2010-07-14 13:00:00,0.02641,0.035689853
2010-07-14 14:00:00,0.03884,0.034590445
2010-07-14 15:00:00,0.0329099999999999,0.042125802
2010-07-14 16:00:00,0.052,0.04354263
2010-07-14 17:00:00,0.04329,0.048026077
2010-07-14 18:00:00,0.05147,0.04748853
2010-07-14 19:00:00,0.04593,0.044748098
2010-07-14 20:00:00,0.04209,0.04188962
2010-07-14 21:00:00,0.0334099999999999,0.038166728
2010-07-14 22:00:00,0.03453,0.033308294
2010-07-14 23:00:00,0.03541,0.03217822
2010-07-15 00:00:00,0.0280599999999999,0.030725041
2010-07-15 01:00:00,0.02897,0.030580334
2010-07-15 02:00:00,0.0278999999999999,0.03044258
2010-07-15 03:00:00,0.03787,0.031795666
2010-07-15 04:00:00,0.03896,0.040574778
2010-07-15 05:00:00,0.0509,0.044649497
2010-07-15 06:00:00,0.0511799999999999,0.045462538
2010-07-15 07:00:00,0.05804,0.046147272
2010-07-15 08:00:00,0.03188,0.042440522
2010-07-15 09:00:00,0.0309699999999999,0.037542146
2010-07-15 10:00:00,0.02973,0.034116812
2010-07-15 11:00:00,0.04253,0.03376946
2010-07-15 12:00:00,0.0456899999999999,0.037379358
2010-07-15 13:00:00,0.02964,0.03646733
2010-07-15 14:00:00,0.04401,0.037732158
2010-07-15 15:00:00,0.0388699999999999,0.043076087
2010-07-15 16:00:00,0.04635,0.047712762
2010-07-15 17:00:00,0.06958,0.04988955
2010-07-15 18:00:00,0.05402,0.04935593
2010-07-15 19:00:00,0.04622,0.04697332
2010-07-15 20:00:00,0.04776,0.04286682
2010-07-15 21:00:00,0.036,0.038547087
2010-07-15 22:00:00,0.03648,0.03422047
2010-07-15 23:00:00,0.0339,0.032021884
2010-07-16 00:00:00,0.0278,0.032579668
2010-07-16 01:00:00,0.0311,0.032500103
2010-07-16 02:00:00,0.03052,0.032650314
2010-07-16 03:00:00,0.02522,0.033415914
2010-07-16 04:00:00,0.04308,0.038305998
2010-07-16 05:00:00,0.04369,0.045797992
2010-07-16 06:00:00,0.05248,0.04798602
2010-07-16 07:00:00,0.03983,0.046416007
2010-07-16 08:00:00,0.03895,0.04308472
2010-07-16 09:00:00,0.0327,0.039968126
2010-07-16 10:00:00,0.0445399999999999,0.03481564
2010-07-16 11:00:00,0.03959,0.035104107
2010-07-16 12:00:00,0.02954,0.035491176
2010-07-16 13:00:00,0.02495,0.03617034
2010-07-16 14:00:00,0.03864,0.037272386
2010-07-16 15:00:00,0.03534,0.03967941
2010-07-16 16:00:00,0.05207,0.042981047
2010-07-16 17:00:00,0.0539399999999999,0.048162673
2010-07-16 18:00:00,0.0369699999999999,0.044140883
2010-07-16 19:00:00,0.04031,0.041993465
2010-07-16 20:00:00,0.04207,0.042392816
2010-07-16 21:00:00,0.03827,0.038219646
2010-07-16 22:00:00,0.03457,0.033558507
2010-07-16 23:00:00,0.0380799999999999,0.032294672
2010-07-17 00:00:00,0.02762,0.028526695
2010-07-17 01:00:00,0.0266299999999999,0.027977027
2010-07-17 02:00:00,0.025,0.027781198
2010-07-17 03:00:00,0.02575,0.027435662
2010-07-17 04:00:00,0.0361,0.028306302
2010-07-17 05:00:00,0.03778,0.03173423
2010-07-17 06:00:00,0.03846,0.032101855
2010-07-17 07:00:00,0.02395,0.03611305
2010-07-17 08:00:00,0.03504,0.02954004
2010-07-17 09:00:00,0.0329099999999999,0.026354758
2010-07-17 10:00:00,0.02026,0.025335826
2010-07-17 11:00:00,0.0347,0.020516567
2010-07-17 12:00:00,0.03292,0.0133872945
2010-07-17 13:00:00,0.02881,0.018836472
2010-07-17 14:00:00,0.03151,0.022384522
2010-07-17 15:00:00,0.02195,0.028030531
2010-07-17 16:00:00,0.03042,0.03239803
2010-07-17 17:00:00,0.03838,0.036291555
2010-07-17 18:00:00,0.02973,0.035790052
2010-07-17 19:00:00,0.03591,0.034134276
2010-07-17 20:00:00,0.028,0.032433245
2010-07-17 21:00:00,0.03492,0.03071347
2010-07-17 22:00:00,0.03098,0.027125768
2010-07-17 23:00:00,0.02836,0.026302462
2010-07-18 00:00:00,8e-05,0.02296411
2010-07-18 01:00:00,0.0254,0.024007274
2010-07-18 02:00:00,0.0247,0.023279846
2010-07-18 03:00:00,0.0268,0.023996428
2010-07-18 04:00:00,0.02988,0.024469877
2010-07-18 05:00:00,-0.01345,0.024804577
2010-07-18 06:00:00,0.01841,0.022769572
2010-07-18 07:00:00,-0.0145399999999999,0.020095892
2010-07-18 08:00:00,-0.01701,0.021017507
2010-07-18 09:00:00,0.02931,0.014983224
2010-07-18 10:00:00,0.03643,0.01444263
2010-07-18 11:00:00,0.02932,-0.00019097538
2010-07-18 12:00:00,-0.0449699999999999,-0.0028146286
2010-07-18 13:00:00,0.0158,0.0028689045
2010-07-18 14:00:00,0.02428,0.002914901
2010-07-18 15:00:00,0.0239699999999999,0.013827937
2010-07-18 16:00:00,0.02264,0.029592264
2010-07-18 17:00:00,0.03897,0.036583945
2010-07-18 18:00:00,0.0373299999999999,0.0316543
2010-07-18 19:00:00,0.03306,0.03230348
2010-07-18 20:00:00,0.04372,0.031044884
2010-07-18 21:00:00,0.03302,0.029754229
2010-07-18 22:00:00,0.03577,0.023958141
2010-07-18 23:00:00,0.03658,0.022905884
2010-07-19 00:00:00,0.03423,0.023740746
2010-07-19 01:00:00,0.03047,0.025215302
2010-07-19 02:00:00,0.02604,0.027955187
2010-07-19 03:00:00,0.03543,0.028381756
2010-07-19 04:00:00,0.0429,0.038193207
2010-07-19 05:00:00,0.0476899999999999,0.040221404
2010-07-19 06:00:00,0.048,0.04541529
2010-07-19 07:00:00,0.04647,0.038326424
2010-07-19 08:00:00,0.03757,0.036995903
2010-07-19 09:00:00,0.04829,0.028890168
2010-07-19 10:00:00,0.02634,0.03378824
2010-07-19 11:00:00,0.03509,0.033173665
2010-07-19 12:00:00,0.0334799999999999,0.035303693
2010-07-19 13:00:00,0.02511,0.034235816
2010-07-19 14:00:00,0.04495,0.033782806
2010-07-19 15:00:00,0.03777,0.041012466
2010-07-19 16:00:00,0.0391199999999999,0.04213843
2010-07-19 17:00:00,0.0459399999999999,0.05266431
2010-07-19 18:00:00,0.03451,0.043800484
2010-07-19 19:00:00,0.03531,0.044947825
2010-07-19 20:00:00,0.03943,0.043087885
2010-07-19 21:00:00,0.0364,0.037893306
2010-07-19 22:00:00,0.02956,0.034114186
2010-07-19 23:00:00,0.03019,0.032465525
2010-07-20 00:00:00,0.02816,0.03081837
2010-07-20 01:00:00,0.0273,0.030512406
2010-07-20 02:00:00,0.02698,0.030662617
2010-07-20 03:00:00,0.02805,0.031501178
2010-07-20 04:00:00,0.03921,0.037518058
2010-07-20 05:00:00,0.03217,0.04114749
2010-07-20 06:00:00,0.0361,0.04348712
2010-07-20 07:00:00,0.04965,0.039265644
2010-07-20 08:00:00,0.03082,0.034908764
2010-07-20 09:00:00,0.04596,0.037128683
2010-07-20 10:00:00,0.04207,0.03489967
2010-07-20 11:00:00,0.03515,0.028589582
2010-07-20 12:00:00,0.02246,0.032087397
2010-07-20 13:00:00,0.02401,0.033315726
2010-07-20 14:00:00,0.0362,0.034886055
2010-07-20 15:00:00,0.04204,0.040780038
2010-07-20 16:00:00,0.04474,0.04139575
2010-07-20 17:00:00,0.05264,0.04530266
2010-07-20 18:00:00,0.03694,0.042579953
2010-07-20 19:00:00,0.04599,0.044871435
2010-07-20 20:00:00,0.04015,0.04193425
2010-07-20 21:00:00,0.0455,0.035538767
2010-07-20 22:00:00,0.02616,0.032660402
2010-07-20 23:00:00,0.0388699999999999,0.033147387
2010-07-21 00:00:00,0.03041,0.03056045
2010-07-21 01:00:00,0.03292,0.029538194
2010-07-21 02:00:00,0.0332999999999999,0.030662617
2010-07-21 03:00:00,0.038,0.031291686
2010-07-21 04:00:00,0.0410499999999999,0.03994111
2010-07-21 05:00:00,0.05392,0.044868924
2010-07-21 06:00:00,0.047,0.04405311
2010-07-21 07:00:00,0.03829,0.044737052
2010-07-21 08:00:00,0.01065,0.04138296
2010-07-21 09:00:00,0.04746,0.039264247
2010-07-21 10:00:00,0.045,0.034152415
2010-07-21 11:00:00,7.000000000000001e-05,0.03306915
2010-07-21 12:00:00,0.04512,0.03483322
2010-07-21 13:00:00,0.0405499999999999,0.03287639
2010-07-21 14:00:00,0.03169,0.03510227
2010-07-21 15:00:00,0.0388299999999999,0.040921416
2010-07-21 16:00:00,0.03649,0.04800346
2010-07-21 17:00:00,0.04574,0.047095504
2010-07-21 18:00:00,0.05292,0.046675295
2010-07-21 19:00:00,0.05407,0.045416463
2010-07-21 20:00:00,0.04025,0.04198645
2010-07-21 21:00:00,0.0458999999999999,0.036705445
2010-07-21 22:00:00,0.03652,0.033090692
2010-07-21 23:00:00,0.03599,0.032872453
2010-07-22 00:00:00,0.03512,0.03140383
2010-07-22 01:00:00,0.03021,0.031370923
2010-07-22 02:00:00,0.02899,0.031206379
2010-07-22 03:00:00,0.03019,0.032032344
2010-07-22 04:00:00,0.03699,0.039666507
2010-07-22 05:00:00,0.05894,0.045457758
2010-07-22 06:00:00,0.05618,0.04660453
2010-07-22 07:00:00,0.03767,0.04578951
2010-07-22 08:00:00,0.0587,0.03822159
2010-07-22 09:00:00,0.05065,0.040039834
2010-07-22 10:00:00,0.04323,0.036122918
2010-07-22 11:00:00,0.02965,0.036785882
2010-07-22 12:00:00,0.0456899999999999,0.036653
2010-07-22 13:00:00,0.03506,0.035623066
2010-07-22 14:00:00,0.0298,0.036854863
2010-07-22 15:00:00,0.0329799999999999,0.042651586
2010-07-22 16:00:00,0.04286,0.047333572
2010-07-22 17:00:00,0.05339,0.052251253
2010-07-22 18:00:00,0.0519,0.05030453
2010-07-22 19:00:00,0.04622,0.047211926
2010-07-22 20:00:00,0.04801,0.042789314
2010-07-22 21:00:00,0.03753,0.03720752
2010-07-22 22:00:00,0.0387999999999999,0.034906432
2010-07-22 23:00:00,0.02563,0.033455253
2010-07-23 00:00:00,0.037,0.03257785
2010-07-23 01:00:00,0.02294,0.03278259
2010-07-23 02:00:00,0.03668,0.032760505
2010-07-23 03:00:00,0.03787,0.033353657
2010-07-23 04:00:00,0.04056,0.039847042
2010-07-23 05:00:00,0.04274,0.045043413
2010-07-23 06:00:00,0.04592,0.047070228
2010-07-23 07:00:00,0.03983,0.04449722
2010-07-23 08:00:00,0.0523999999999999,0.04211801
2010-07-23 09:00:00,0.04138,0.039560948
2010-07-23 10:00:00,0.0396,0.036244147
2010-07-23 11:00:00,0.03105,0.035134513
2010-07-23 12:00:00,0.0242,0.03512595
2010-07-23 13:00:00,0.03455,0.029445164
2010-07-23 14:00:00,0.02385,0.033465583
2010-07-23 15:00:00,0.03534,0.038873494
2010-07-23 16:00:00,0.04101,0.045710668
2010-07-23 17:00:00,0.0544,0.047046207
2010-07-23 18:00:00,0.04912,0.04366773
2010-07-23 19:00:00,0.039,0.04437555
2010-07-23 20:00:00,0.04207,0.04190522
2010-07-23 21:00:00,0.03867,0.03707238
2010-07-23 22:00:00,0.03457,0.034022037
2010-07-23 23:00:00,0.0341,0.031556096
2010-07-24 00:00:00,0.0309899999999999,0.028121633
2010-07-24 01:00:00,0.03604,0.027833987
2010-07-24 02:00:00,0.025,0.027460905
2010-07-24 03:00:00,0.03403,0.028362598
2010-07-24 04:00:00,0.02518,0.029306531
2010-07-24 05:00:00,0.0265,0.03194316
2010-07-24 06:00:00,0.0367899999999999,0.03351709
2010-07-24 07:00:00,0.03983,0.030275289
2010-07-24 08:00:00,0.02435,0.031674564
2010-07-24 09:00:00,0.0239899999999999,0.026999056
2010-07-24 10:00:00,0.0232899999999999,0.023349136
2010-07-24 11:00:00,0.01787,0.021951811
2010-07-24 12:00:00,0.02494,0.021427428
2010-07-24 13:00:00,0.03274,0.022617113
2010-07-24 14:00:00,0.0136099999999999,0.024284996
2010-07-24 15:00:00,0.02899,0.028004086
2010-07-24 16:00:00,0.0289,0.032550503
2010-07-24 17:00:00,0.02803,0.037013337
2010-07-24 18:00:00,0.03753,0.036381323
2010-07-24 19:00:00,0.03772,0.035320144
2010-07-24 20:00:00,0.0321199999999999,0.033218164
2010-07-24 21:00:00,0.02491,0.031328376
2010-07-24 22:00:00,0.02378,0.027356239
2010-07-24 23:00:00,0.02598,0.027094504
2010-07-25 00:00:00,0.0282,0.023438647
2010-07-25 01:00:00,0.02503,0.025182554
2010-07-25 02:00:00,0.0271,0.023054348
2010-07-25 03:00:00,0.0241,0.023979118
2010-07-25 04:00:00,0.02168,0.024358392
2010-07-25 05:00:00,0.01082,0.023428172
2010-07-25 06:00:00,-0.0138699999999999,0.022409337
2010-07-25 07:00:00,0.01804,0.018271832
2010-07-25 08:00:00,0.02969,0.019755403
2010-07-25 09:00:00,0.03716,0.020350534
2010-07-25 10:00:00,0.0263,0.017887628
2010-07-25 11:00:00,0.02066,0.014588165
2010-07-25 12:00:00,0.01946,0.006326216
2010-07-25 13:00:00,0.00677,0.007916973
2010-07-25 14:00:00,0.03005,0.015762914
2010-07-25 15:00:00,-0.0369699999999999,0.022943301
2010-07-25 16:00:00,0.02905,0.029536594
2010-07-25 17:00:00,0.03147,0.03658011
2010-07-25 18:00:00,0.03752,0.03462008
2010-07-25 19:00:00,0.04087,0.033086583
2010-07-25 20:00:00,0.03702,0.03652371
2010-07-25 21:00:00,0.03911,0.030538911
2010-07-25 22:00:00,0.03202,0.026099745
2010-07-25 23:00:00,0.02711,0.023620067
2010-07-26 00:00:00,0.02507,0.026939452
2010-07-26 01:00:00,0.03422,0.027251596
2010-07-26 02:00:00,0.02402,0.027297212
2010-07-26 03:00:00,0.03684,0.028453816
2010-07-26 04:00:00,0.04491,0.037340607
2010-07-26 05:00:00,0.03952,0.040587176
2010-07-26 06:00:00,0.05006,0.0431304
2010-07-26 07:00:00,0.05151,0.042468052
2010-07-26 08:00:00,0.00149,0.0363683
2010-07-26 09:00:00,0.0399399999999999,0.035066344
2010-07-26 10:00:00,0.03218,0.030221356
2010-07-26 11:00:00,0.03509,0.029415319
2010-07-26 12:00:00,0.03046,0.02922563
2010-07-26 13:00:00,0.03778,0.0295285
2010-07-26 14:00:00,0.03976,0.033200525
2010-07-26 15:00:00,0.03777,0.03798561
2010-07-26 16:00:00,0.0495,0.042023484
2010-07-26 17:00:00,0.03649,0.045968022
2010-07-26 18:00:00,0.03835,0.043859962
2010-07-26 19:00:00,0.05323,0.04453194
2010-07-26 20:00:00,0.0400499999999999,0.04106611
2010-07-26 21:00:00,0.02262,0.036479954
2010-07-26 22:00:00,0.03138,0.033217583
2010-07-26 23:00:00,0.01916,0.031743392
2010-07-27 00:00:00,0.02708,0.029886028
2010-07-27 01:00:00,0.0277399999999999,0.029797439
2010-07-27 02:00:00,0.03632,0.029947646
2010-07-27 03:00:00,0.02156,0.031421002
2010-07-27 04:00:00,0.02621,0.038336407
2010-07-27 05:00:00,0.0549799999999999,0.039710395
2010-07-27 06:00:00,0.04406,0.039901827
2010-07-27 07:00:00,0.03333,0.042491965
2010-07-27 08:00:00,0.0499,0.038550172
2010-07-27 09:00:00,0.0279899999999999,0.03976349
2010-07-27 10:00:00,0.04175,0.03508381
2010-07-27 11:00:00,4e-05,0.03336048
2010-07-27 12:00:00,0.04,0.029927898
2010-07-27 13:00:00,0.0248,0.030511182
2010-07-27 14:00:00,0.0362,0.033665262
2010-07-27 15:00:00,0.02709,0.036446754
2010-07-27 16:00:00,0.03848,0.040973134
2010-07-27 17:00:00,0.04078,0.045156848
2010-07-27 18:00:00,0.05096,0.04194778
2010-07-27 19:00:00,0.0401,0.044704128
2010-07-27 20:00:00,0.04388,0.04090744
2010-07-27 21:00:00,0.0455,0.03605636
2010-07-27 22:00:00,0.03798,0.03063472
2010-07-27 23:00:00,0.02807,0.031696346
2010-07-28 00:00:00,0.03041,0.0305539
2010-07-28 01:00:00,0.03728,0.030571025
2010-07-28 02:00:00,0.02478,0.030985044
2010-07-28 03:00:00,0.03853,0.03081553
2010-07-28 04:00:00,0.04578,0.03924835
2010-07-28 05:00:00,0.05306,0.045543406
2010-07-28 06:00:00,0.04695,0.04468427
2010-07-28 07:00:00,0.04399,0.040385168
2010-07-28 08:00:00,0.04607,0.035779376
2010-07-28 09:00:00,0.04213,0.039052863
2010-07-28 10:00:00,0.0477,0.036249157
2010-07-28 11:00:00,0.03732,0.031400662
2010-07-28 12:00:00,0.025,0.03589427
2010-07-28 13:00:00,0.03999,0.034977507
2010-07-28 14:00:00,0.04321,0.034820467
2010-07-28 15:00:00,0.04171,0.041791216
2010-07-28 16:00:00,0.052,0.043132484
2010-07-28 17:00:00,0.04329,0.048215967
2010-07-28 18:00:00,0.05503,0.049843535
2010-07-28 19:00:00,0.0401199999999999,0.047529753
2010-07-28 20:00:00,0.03757,0.042498574
2010-07-28 21:00:00,0.0458999999999999,0.03828354
2010-07-28 22:00:00,0.03619,0.034456793
2010-07-28 23:00:00,0.0325,0.033570122
2010-07-29 00:00:00,0.03782,0.032843523
2010-07-29 01:00:00,0.0378,0.03351942
2010-07-29 02:00:00,0.03768,0.032620918
2010-07-29 03:00:00,0.03787,0.033508867
2010-07-29 04:00:00,0.03691,0.03911838
2010-07-29 05:00:00,0.05196,0.046982273
2010-07-29 06:00:00,0.05531,0.048441563
2010-07-29 07:00:00,0.04169,0.043012045
2010-07-29 08:00:00,0.04214,0.04621547
2010-07-29 09:00:00,0.04159,0.042483974
2010-07-29 10:00:00,0.04785,0.03775069
2010-07-29 11:00:00,0.02555,0.034736138
2010-07-29 12:00:00,0.03899,0.03760079
2010-07-29 13:00:00,0.04778,0.035697486
2010-07-29 14:00:00,0.0298,0.036582366
2010-07-29 15:00:00,0.0388699999999999,0.04139677
2010-07-29 16:00:00,0.04286,0.047497056
2010-07-29 17:00:00,0.06002,0.05028749
2010-07-29 18:00:00,0.0479099999999999,0.0501536
2010-07-29 19:00:00,0.04904,0.04621003
2010-07-29 20:00:00,0.0431,0.0427656
2010-07-29 21:00:00,0.0419099999999999,0.037030738
2010-07-29 22:00:00,0.0387999999999999,0.036955524
2010-07-29 23:00:00,0.035,0.032637425
2010-07-30 00:00:00,0.0278,0.03309644
2010-07-30 01:00:00,0.03158,0.03290791
2010-07-30 02:00:00,0.02876,0.03272642
2010-07-30 03:00:00,0.02522,0.033385236
2010-07-30 04:00:00,0.04839,0.039974328
2010-07-30 05:00:00,0.0471,0.045621116
2010-07-30 06:00:00,0.04995,0.04685193
2010-07-30 07:00:00,0.04943,0.045554116
2010-07-30 08:00:00,0.04002,0.04452903
2010-07-30 09:00:00,0.05097,0.040498205
2010-07-30 10:00:00,0.03302,0.037536513
2010-07-30 11:00:00,0.03959,0.03334489
2010-07-30 12:00:00,0.03009,0.032756936
2010-07-30 13:00:00,0.038,0.03547312
2010-07-30 14:00:00,0.0305,0.03366713
2010-07-30 15:00:00,0.0419099999999999,0.040370252
2010-07-30 16:00:00,0.05207,0.045915194
2010-07-30 17:00:00,0.03882,0.04884979
2010-07-30 18:00:00,0.04586,0.046952784
2010-07-30 19:00:00,0.057,0.04482343
2010-07-30 20:00:00,0.0394,0.042706
2010-07-30 21:00:00,0.03809,0.037346225
2010-07-30 22:00:00,0.02719,0.034251407
2010-07-30 23:00:00,0.0299,0.031556346
2010-07-31 00:00:00,0.03687,0.029034767
2010-07-31 01:00:00,0.03612,0.02857552
2010-07-31 02:00:00,0.0351,0.028684527
2010-07-31 03:00:00,0.0261,0.029506026
2010-07-31 04:00:00,0.02921,0.029694317
2010-07-31 05:00:00,0.0359,0.032148704
2010-07-31 06:00:00,0.02629,0.032642018
2010-07-31 07:00:00,0.0368,0.038514357
2010-07-31 08:00:00,0.03504,0.030393306
2010-07-31 09:00:00,0.02562,0.029472731
2010-07-31 10:00:00,0.0349,0.026858754
2010-07-31 11:00:00,0.03371,0.021371169
2010-07-31 12:00:00,0.02312,0.018707003
2010-07-31 13:00:00,0.0261,0.020383412
2010-07-31 14:00:00,0.02436,0.020790149
2010-07-31 15:00:00,0.03562,0.030242536
2010-07-31 16:00:00,0.0289,0.03344384
2010-07-31 17:00:00,0.034,0.03535166
2010-07-31 18:00:00,0.03222,0.035102315
2010-07-31 19:00:00,0.03772,0.03558364
2010-07-31 20:00:00,0.0412,0.033329576
2010-07-31 21:00:00,0.02479,0.030099614
2010-07-31 22:00:00,0.03098,0.025663054
2010-07-31 23:00:00,0.02836,0.026949663
2010-08-01 00:00:00,0.028,0.025452567
2010-08-01 01:00:00,0.02525,0.024732837
2010-08-01 02:00:00,0.03591,0.024640579
2010-08-01 03:00:00,0.03388,0.023470296
2010-08-01 04:00:00,0.026,0.023618646
2010-08-01 05:00:00,0.0343,0.024248853
2010-08-01 06:00:00,0.03191,0.02192856
2010-08-01 07:00:00,0.00948,0.024540117
2010-08-01 08:00:00,0.03239,0.024772594
2010-08-01 09:00:00,0.02537,0.024052108
2010-08-01 10:00:00,0.02294,0.022037115
2010-08-01 11:00:00,0.02341,0.015992543
2010-08-01 12:00:00,0.02343,0.016552137
2010-08-01 13:00:00,0.00877,0.019758215
2010-08-01 14:00:00,0.0264,0.024518432
2010-08-01 15:00:00,0.02556,0.027186753
2010-08-01 16:00:00,0.03518,0.035284266
2010-08-01 17:00:00,0.03908,0.036694292
2010-08-01 18:00:00,0.03977,0.03664805
2010-08-01 19:00:00,0.0388699999999999,0.040954225
2010-08-01 20:00:00,0.03807,0.034577634
2010-08-01 21:00:00,0.03507,0.034602217
2010-08-01 22:00:00,0.02873,0.02928349
2010-08-01 23:00:00,0.03531,0.027997943
2010-08-02 00:00:00,0.03565,0.02864801
2010-08-02 01:00:00,0.0322299999999999,0.028256603
2010-08-02 02:00:00,0.03593,0.027775574
2010-08-02 03:00:00,0.0337,0.029684123
2010-08-02 04:00:00,0.03914,0.040233146
2010-08-02 05:00:00,0.05994,0.043990236
2010-08-02 06:00:00,0.04035,0.047513954
2010-08-02 07:00:00,0.05604,0.047926344
2010-08-02 08:00:00,0.04052,0.038043495
2010-08-02 09:00:00,0.0419099999999999,0.040001243
2010-08-02 10:00:00,0.0299,0.034657657
2010-08-02 11:00:00,0.04231,0.034657657
2010-08-02 12:00:00,0.0574799999999999,0.036582097
2010-08-02 13:00:00,0.05499,0.03683173
2010-08-02 14:00:00,0.04493,0.041546382
2010-08-02 15:00:00,0.03967,0.042982664
2010-08-02 16:00:00,0.05125,0.051759176
2010-08-02 17:00:00,0.06713,0.04730278
2010-08-02 18:00:00,0.04306,0.04904019
2010-08-02 19:00:00,0.04795,0.05161322
2010-08-02 20:00:00,0.0478699999999999,0.045094974
2010-08-02 21:00:00,0.03874,0.035568748
2010-08-02 22:00:00,0.03848,0.03446385
2010-08-02 23:00:00,0.03796,0.03318435
2010-08-03 00:00:00,0.03112,0.032279935
2010-08-03 01:00:00,0.03327,0.032077815
2010-08-03 02:00:00,0.02995,0.03249911
2010-08-03 03:00:00,0.02835,0.03114482
2010-08-03 04:00:00,0.03859,0.038158804
2010-08-03 05:00:00,0.05676,0.048194487
2010-08-03 06:00:00,0.04967,0.04654747
2010-08-03 07:00:00,0.04085,0.0432496
2010-08-03 08:00:00,0.04135,0.044184867
2010-08-03 09:00:00,0.03522,0.039273795
2010-08-03 10:00:00,0.03793,0.037014175
2010-08-03 11:00:00,0.04498,0.03309616
2010-08-03 12:00:00,0.03522,0.03812206
2010-08-03 13:00:00,0.03481,0.033569485
2010-08-03 14:00:00,0.04808,0.036531903
2010-08-03 15:00:00,0.03895,0.04198029
2010-08-03 16:00:00,0.04099,0.046113297
2010-08-03 17:00:00,0.06343,0.050083697
2010-08-03 18:00:00,0.04131,0.0503764
2010-08-03 19:00:00,0.052,0.046559986
2010-08-03 20:00:00,0.04912,0.043183196
2010-08-03 21:00:00,0.0322,0.03830352
2010-08-03 22:00:00,0.03753,0.033499826
2010-08-03 23:00:00,0.03541,0.032070734
2010-08-04 00:00:00,0.03201,0.031790756
2010-08-04 01:00:00,0.03048,0.031608976
2010-08-04 02:00:00,0.00294,0.031158052
2010-08-04 03:00:00,0.01694,0.03229347
2010-08-04 04:00:00,0.02877,0.04025248
2010-08-04 05:00:00,0.04496,0.04688249
2010-08-04 06:00:00,0.04498,0.04560032
2010-08-04 07:00:00,0.0421599999999999,0.04540314
2010-08-04 08:00:00,0.0380099999999999,0.04308242
2010-08-04 09:00:00,0.03429,0.040308956
2010-08-04 10:00:00,0.03202,0.036617473
2010-08-04 11:00:00,0.03,0.034863465
2010-08-04 12:00:00,0.00031,0.032210097
2010-08-04 13:00:00,0.03332,0.036841232
2010-08-04 14:00:00,0.00049,0.037001606
2010-08-04 15:00:00,0.0442199999999999,0.038937084
2010-08-04 16:00:00,0.04997,0.0464707
2010-08-04 17:00:00,0.032,0.04720929
2010-08-04 18:00:00,0.0434,0.048182316
2010-08-04 19:00:00,0.04126,0.04486416
2010-08-04 20:00:00,0.04169,0.03909054
2010-08-04 21:00:00,0.03764,0.036184873
2010-08-04 22:00:00,0.03954,0.03052563
2010-08-04 23:00:00,0.03202,0.02894949
2010-08-05 00:00:00,0.03664,0.028289499
2010-08-05 01:00:00,0.02302,0.028495556
2010-08-05 02:00:00,0.02605,0.028806904
2010-08-05 03:00:00,0.03754,0.029796569
2010-08-05 04:00:00,0.02647,0.03663992
2010-08-05 05:00:00,0.0399799999999999,0.046539173
2010-08-05 06:00:00,0.03447,0.047533844
2010-08-05 07:00:00,0.0374699999999999,0.04327351
2010-08-05 08:00:00,0.03256,0.04223933
2010-08-05 09:00:00,0.03985,0.03715174
2010-08-05 10:00:00,0.04304,0.035711035
2010-08-05 11:00:00,0.0396199999999999,0.032032087
2010-08-05 12:00:00,0.04501,0.034542546
2010-08-05 13:00:00,0.03798,0.036548417
2010-08-05 14:00:00,0.03194,0.03389676
2010-08-05 15:00:00,0.05959,0.041672934
2010-08-05 16:00:00,0.03628,0.047155444
2010-08-05 17:00:00,0.04305,0.049966957
2010-08-05 18:00:00,0.05651,0.049028948
2010-08-05 19:00:00,0.05096,0.04649608
2010-08-05 20:00:00,0.03848,0.04305753
2010-08-05 21:00:00,0.03686,0.038078364
2010-08-05 22:00:00,0.0399,0.035444357
2010-08-05 23:00:00,0.0273,0.03095612
2010-08-06 00:00:00,0.0306999999999999,0.031385403
2010-08-06 01:00:00,0.02917,0.030918563
2010-08-06 02:00:00,0.03007,0.031068778
2010-08-06 03:00:00,0.03599,0.032112397
2010-08-06 04:00:00,0.048,0.03838576
2010-08-06 05:00:00,0.05392,0.043805227
2010-08-06 06:00:00,0.05108,0.044432912
2010-08-06 07:00:00,0.03668,0.045150235
2010-08-06 08:00:00,0.04649,0.04305571
2010-08-06 09:00:00,0.04496,0.041574676
2010-08-06 10:00:00,0.03195,0.035044126
2010-08-06 11:00:00,0.0305399999999999,0.036942042
2010-08-06 12:00:00,0.02526,0.03440566
2010-08-06 13:00:00,0.03496,0.03389891
2010-08-06 14:00:00,0.03228,0.033205055
2010-08-06 15:00:00,0.0339,0.041991435
2010-08-06 16:00:00,0.0479799999999999,0.04762904
2010-08-06 17:00:00,0.05211,0.04611917
2010-08-06 18:00:00,0.04707,0.0479664
2010-08-06 19:00:00,0.0377,0.04627983
2010-08-06 20:00:00,0.04396,0.04137855
2010-08-06 21:00:00,0.03468,0.03604186
2010-08-06 22:00:00,0.03739,0.033671077
2010-08-06 23:00:00,0.0326599999999999,0.031034589
2010-08-07 00:00:00,0.03493,0.029300142
2010-08-07 01:00:00,0.02952,0.028437765
2010-08-07 02:00:00,0.03003,0.028587976
2010-08-07 03:00:00,0.02066,0.02944824
2010-08-07 04:00:00,0.0296,0.029638438
2010-08-07 05:00:00,0.03424,0.0321766
2010-08-07 06:00:00,0.02513,0.031043567
2010-08-07 07:00:00,0.03372,0.030087216
2010-08-07 08:00:00,0.03684,0.029282834
2010-08-07 09:00:00,0.02431,0.028135367
2010-08-07 10:00:00,0.03504,0.024457652
2010-08-07 11:00:00,0.02402,0.020771094
2010-08-07 12:00:00,0.02471,0.021118017
2010-08-07 13:00:00,0.00451,0.022686578
2010-08-07 14:00:00,0.03471,0.024667913
2010-08-07 15:00:00,0.02911,0.032624103
2010-08-07 16:00:00,0.0381,0.034267988
2010-08-07 17:00:00,0.04239,0.03715523
2010-08-07 18:00:00,0.03443,0.03768493
2010-08-07 19:00:00,0.04499,0.03659052
2010-08-07 20:00:00,0.043,0.037475556
2010-08-07 21:00:00,0.0392599999999999,0.029568424
2010-08-07 22:00:00,0.03195,0.02829353
2010-08-07 23:00:00,0.03498,0.026997192
2010-08-08 00:00:00,0.02214,0.02617887
2010-08-08 01:00:00,0.029,0.024521552
2010-08-08 02:00:00,0.03591,0.024821023
2010-08-08 03:00:00,0.03098,0.025533156
2010-08-08 04:00:00,0.02587,0.026392933
2010-08-08 05:00:00,0.0192,0.02801484
2010-08-08 06:00:00,0.02904,0.02700951
2010-08-08 07:00:00,0.029,0.023799255
2010-08-08 08:00:00,0.00444,0.025603527
2010-08-08 09:00:00,0.02801,0.023568822
2010-08-08 10:00:00,0.02294,0.020992937
2010-08-08 11:00:00,0.01406,0.017355511
2010-08-08 12:00:00,0.02343,0.016972547
2010-08-08 13:00:00,0.02416,0.018929666
2010-08-08 14:00:00,0.02998,0.024174325
2010-08-08 15:00:00,0.02556,0.03066344
2010-08-08 16:00:00,0.03902,0.03466827
2010-08-08 17:00:00,0.03698,0.04043926
2010-08-08 18:00:00,0.0427,0.039736886
2010-08-08 19:00:00,0.0388699999999999,0.03936962
2010-08-08 20:00:00,0.0467599999999999,0.03507521
2010-08-08 21:00:00,0.037,0.032839328
2010-08-08 22:00:00,0.03367,0.02915324
2010-08-08 23:00:00,0.02795,0.028065274
2010-08-09 00:00:00,0.02803,0.028483301
2010-08-09 01:00:00,0.02843,0.028300641
2010-08-09 02:00:00,0.03263,0.028640304
2010-08-09 03:00:00,0.02913,0.029684123
2010-08-09 04:00:00,0.03596,0.040112704
2010-08-09 05:00:00,0.04603,0.04704462
2010-08-09 06:00:00,0.04455,0.044403348
2010-08-09 07:00:00,0.03871,0.0485025
2010-08-09 08:00:00,0.0471,0.042963568
2010-08-09 09:00:00,0.0378999999999999,0.038834635
2010-08-09 10:00:00,0.03618,0.035255134
2010-08-09 11:00:00,0.0399,0.03742305
2010-08-09 12:00:00,0.0372,0.04198705
2010-08-09 13:00:00,0.04432,0.04294848
2010-08-09 14:00:00,0.04493,0.040748395
2010-08-09 15:00:00,0.03306,0.04455085
2010-08-09 16:00:00,0.0421,0.053472657
2010-08-09 17:00:00,0.05111,0.058405302
2010-08-09 18:00:00,0.0706,0.050595377
2010-08-09 19:00:00,0.0434,0.05141749
2010-08-09 20:00:00,0.0405,0.04504928
2010-08-09 21:00:00,0.03874,0.039328475
2010-08-09 22:00:00,0.0421599999999999,0.03406727
2010-08-09 23:00:00,0.03692,0.032357994
2010-08-10 00:00:00,0.03448,0.031257775
2010-08-10 01:00:00,0.02978,0.0320466
2010-08-10 02:00:00,0.02995,0.032028954
2010-08-10 03:00:00,0.03591,0.032308135
2010-08-10 04:00:00,0.03927,0.03818495
2010-08-10 05:00:00,0.04806,0.046723153
2010-08-10 06:00:00,0.04967,0.04705625
2010-08-10 07:00:00,0.044,0.04483778
2010-08-10 08:00:00,0.03726,0.043682303
2010-08-10 09:00:00,0.03485,0.038598225
2010-08-10 10:00:00,0.0451499999999999,0.034415007
2010-08-10 11:00:00,0.04498,0.036550064
2010-08-10 12:00:00,0.04509,0.034533426
2010-08-10 13:00:00,0.03601,0.03577784
2010-08-10 14:00:00,0.03565,0.038934927
2010-08-10 15:00:00,0.04155,0.042670514
2010-08-10 16:00:00,0.04301,0.047766466
2010-08-10 17:00:00,0.05805,0.053886387
2010-08-10 18:00:00,0.05428,0.050056756
2010-08-10 19:00:00,0.0411599999999999,0.04777206
2010-08-10 20:00:00,0.03509,0.042910382
2010-08-10 21:00:00,0.03585,0.03600085
2010-08-10 22:00:00,0.01116,0.034090135
2010-08-10 23:00:00,0.0304499999999999,0.031602684
2010-08-11 00:00:00,0.0349,0.03080776
2010-08-11 01:00:00,0.03123,0.0316259
2010-08-11 02:00:00,0.03025,0.028555207
2010-08-11 03:00:00,0.03317,0.02956952
2010-08-11 04:00:00,0.0387,0.037184183
2010-08-11 05:00:00,0.0469,0.044465568
2010-08-11 06:00:00,0.04584,0.045597654
2010-08-11 07:00:00,0.03777,0.044724494
2010-08-11 08:00:00,0.0217,0.03903014
2010-08-11 09:00:00,0.0369699999999999,0.037410896
2010-08-11 10:00:00,0.0421599999999999,0.03519256
2010-08-11 11:00:00,0.04473,0.034657232
2010-08-11 12:00:00,0.03279,0.031986043
2010-08-11 13:00:00,0.03332,0.033501934
2010-08-11 14:00:00,0.04205,0.03252625
2010-08-11 15:00:00,0.0406199999999999,0.0420095
2010-08-11 16:00:00,0.0396,0.047638692
2010-08-11 17:00:00,0.0564,0.04613885
2010-08-11 18:00:00,0.0434,0.0509827
2010-08-11 19:00:00,0.0528999999999999,0.045466922
2010-08-11 20:00:00,0.03979,0.04150375
2010-08-11 21:00:00,0.03764,0.035679124
2010-08-11 22:00:00,0.0331,0.03394336
2010-08-11 23:00:00,0.0196,0.030797275
2010-08-12 00:00:00,0.02842,0.030860636
2010-08-12 01:00:00,0.03003,0.030203462
2010-08-12 02:00:00,0.02941,0.030841272
2010-08-12 03:00:00,0.03018,0.031413738
2010-08-12 04:00:00,0.03788,0.036192097
2010-08-12 05:00:00,0.04276,0.044810854
2010-08-12 06:00:00,0.03845,0.042412464
2010-08-12 07:00:00,0.05692,0.04061349
2010-08-12 08:00:00,0.0519,0.03791394
2010-08-12 09:00:00,0.05001,0.040089063
2010-08-12 10:00:00,0.03952,0.03769161
2010-08-12 11:00:00,0.03462,0.037192076
2010-08-12 12:00:00,0.04501,0.03636233
2010-08-12 13:00:00,0.02701,0.03480747
2010-08-12 14:00:00,0.02701,0.035647444
2010-08-12 15:00:00,0.0396899999999999,0.045598082
2010-08-12 16:00:00,0.05596,0.044570018
2010-08-12 17:00:00,0.06494,0.051018428
2010-08-12 18:00:00,0.09,0.052382726
2010-08-12 19:00:00,0.04363,0.04797145
2010-08-12 20:00:00,0.04139,0.04163651
2010-08-12 21:00:00,0.03658,0.036089152
2010-08-12 22:00:00,0.0334099999999999,0.03423306
2010-08-12 23:00:00,0.0273,0.032327954
2010-08-13 00:00:00,0.03397,0.03278909
2010-08-13 01:00:00,0.03018,0.033292282
2010-08-13 02:00:00,0.0303799999999999,0.032780144
2010-08-13 03:00:00,0.03269,0.03319851
2010-08-13 04:00:00,0.03489,0.040335312
2010-08-13 05:00:00,0.04796,0.04659538
2010-08-13 06:00:00,0.04393,0.045879252
2010-08-13 07:00:00,0.05198,0.04333464
2010-08-13 08:00:00,0.05328,0.04453268
2010-08-13 09:00:00,0.05163,0.0416962
2010-08-13 10:00:00,0.03306,0.03537496
2010-08-13 11:00:00,0.0305399999999999,0.033973087
2010-08-13 12:00:00,0.03497,0.03504104
2010-08-13 13:00:00,0.03701,0.033903986
2010-08-13 14:00:00,0.04146,0.034759253
2010-08-13 15:00:00,0.0339,0.04137135
2010-08-13 16:00:00,0.04697,0.047532853
2010-08-13 17:00:00,0.05234,0.04931243
2010-08-13 18:00:00,0.05237,0.04892691
2010-08-13 19:00:00,0.04595,0.042571478
2010-08-13 20:00:00,0.04,0.042412102
2010-08-13 21:00:00,0.03126,0.036408763
2010-08-13 22:00:00,0.038,0.032802273
2010-08-13 23:00:00,0.03694,0.03172416
2010-08-14 00:00:00,0.0287,0.031020865
2010-08-14 01:00:00,0.02952,0.029792042
2010-08-14 02:00:00,0.02367,0.029795993
2010-08-14 03:00:00,0.0295,0.02820271
2010-08-14 04:00:00,0.01851,0.031207506
2010-08-14 05:00:00,0.01487,0.032913398
2010-08-14 06:00:00,0.03235,0.03292011
2010-08-14 07:00:00,0.02615,0.033390693
2010-08-14 08:00:00,0.02714,0.03269837
2010-08-14 09:00:00,0.0269499999999999,0.02765472
2010-08-14 10:00:00,0.02953,0.024256248
2010-08-14 11:00:00,-0.02475,0.021624578
2010-08-14 12:00:00,0.02471,0.018255876
2010-08-14 13:00:00,0.02404,0.018540123
2010-08-14 14:00:00,0.0229699999999999,0.023847746
2010-08-14 15:00:00,0.03259,0.029348506
2010-08-14 16:00:00,0.01061,0.035811722
2010-08-14 17:00:00,0.0263,0.0392017
2010-08-14 18:00:00,0.03959,0.03625374
2010-08-14 19:00:00,0.0362899999999999,0.040021516
2010-08-14 20:00:00,0.03712,0.037264623
2010-08-14 21:00:00,0.03308,0.034403544
2010-08-14 22:00:00,0.03195,0.02889461
2010-08-14 23:00:00,0.02916,0.027494358
2010-08-15 00:00:00,0.03208,0.022827437
2010-08-15 01:00:00,0.02617,0.023737598
2010-08-15 02:00:00,0.02612,0.0241055
2010-08-15 03:00:00,0.0278,0.023846766
2010-08-15 04:00:00,0.0138699999999999,0.02340148
2010-08-15 05:00:00,0.0278,0.021870518
2010-08-15 06:00:00,0.02503,0.024185566
2010-08-15 07:00:00,0.01709,0.02390651
2010-08-15 08:00:00,0.02887,0.02087947
2010-08-15 09:00:00,0.02801,0.021621883
2010-08-15 10:00:00,0.02906,0.01793914
2010-08-15 11:00:00,0.02912,0.010321619
2010-08-15 12:00:00,0.02343,0.01166646
2010-08-15 13:00:00,0.02416,0.015528575
2010-08-15 14:00:00,0.01825,0.023960073
2010-08-15 15:00:00,0.02753,0.029388255
2010-08-15 16:00:00,0.034,0.035007197
2010-08-15 17:00:00,0.042,0.03480611
2010-08-15 18:00:00,0.03977,0.0397265
2010-08-15 19:00:00,0.04313,0.038532212
2010-08-15 20:00:00,0.03843,0.037892383
2010-08-15 21:00:00,0.03489,0.030875903
2010-08-15 22:00:00,0.02793,0.027370721
2010-08-15 23:00:00,0.03531,0.02643123
2010-08-16 00:00:00,0.02803,0.027970377
2010-08-16 01:00:00,0.0322299999999999,0.028459212
2010-08-16 02:00:00,0.02603,0.028436705
2010-08-16 03:00:00,0.0387299999999999,0.029665502
2010-08-16 04:00:00,0.03979,0.036049474
2010-08-16 05:00:00,0.0693199999999999,0.04290261
2010-08-16 06:00:00,0.05602,0.047898237
2010-08-16 07:00:00,0.05384,0.04383991
2010-08-16 08:00:00,0.06653,0.04374815
2010-08-16 09:00:00,0.0411599999999999,0.0403759
2010-08-16 10:00:00,0.0452199999999999,0.037562802
2010-08-16 11:00:00,0.06,0.040062934
2010-08-16 12:00:00,0.0372,0.03856234
2010-08-16 13:00:00,0.02773,0.04251097
2010-08-16 14:00:00,0.041,0.042803816
2010-08-16 15:00:00,0.03306,0.04399629
2010-08-16 16:00:00,0.053,0.050771028
2010-08-16 17:00:00,0.06147,0.05490024
2010-08-16 18:00:00,0.05219,0.059873685
2010-08-16 19:00:00,0.0614399999999999,0.05001372
2010-08-16 20:00:00,0.04486,0.042732146
2010-08-16 21:00:00,0.045,0.037593544
2010-08-16 22:00:00,0.03583,0.036681104
2010-08-16 23:00:00,0.02974,0.033993874
2010-08-17 00:00:00,0.02614,0.032051664
2010-08-17 01:00:00,0.03276,0.032058895
2010-08-17 02:00:00,0.03461,0.032140046
2010-08-17 03:00:00,0.03331,0.033167403
2010-08-17 04:00:00,0.04523,0.039979614
2010-08-17 05:00:00,0.04806,0.04790998
2010-08-17 06:00:00,0.04997,0.050433625
2010-08-17 07:00:00,0.04154,0.050228406
2010-08-17 08:00:00,0.04307,0.042668756
2010-08-17 09:00:00,0.0389099999999999,0.040150944
2010-08-17 10:00:00,0.04002,0.03828434
2010-08-17 11:00:00,0.04498,0.03897088
2010-08-17 12:00:00,0.03522,0.036737606
2010-08-17 13:00:00,0.03222,0.034721237
2010-08-17 14:00:00,0.04808,0.03640636
2010-08-17 15:00:00,0.03895,0.04290726
2010-08-17 16:00:00,0.0404099999999999,0.048813626
2010-08-17 17:00:00,0.04649,0.05240079
2010-08-17 18:00:00,0.03803,0.051801626
2010-08-17 19:00:00,0.03519,0.047194794
2010-08-17 20:00:00,0.04061,0.04064689
2010-08-17 21:00:00,0.03585,0.03672878
2010-08-17 22:00:00,0.02489,0.030836977
2010-08-17 23:00:00,0.02629,0.03145766
2010-08-18 00:00:00,0.03492,0.0312662
2010-08-18 01:00:00,0.02528,0.031483207
2010-08-18 02:00:00,0.02703,0.031207042
2010-08-18 03:00:00,0.01694,0.032048095
2010-08-18 04:00:00,0.04236,0.038457315
2010-08-18 05:00:00,0.0469,0.046091083
2010-08-18 06:00:00,0.04584,0.045859646
2010-08-18 07:00:00,0.03479,0.042146016
2010-08-18 08:00:00,0.04434,0.039192796
2010-08-18 09:00:00,0.03498,0.03893829
2010-08-18 10:00:00,0.0421599999999999,0.037452675
2010-08-18 11:00:00,0.00821,0.038415402
2010-08-18 12:00:00,0.00031,0.032078657
2010-08-18 13:00:00,0.03332,0.031641454
2010-08-18 14:00:00,0.03498,0.036559325
2010-08-18 15:00:00,0.05592,0.03867778
2010-08-18 16:00:00,0.04926,0.042003993
2010-08-18 17:00:00,0.032,0.049372774
2010-08-18 18:00:00,0.0434,0.04545093
2010-08-18 19:00:00,0.04126,0.047245886
2010-08-18 20:00:00,0.0378299999999999,0.04095181
2010-08-18 21:00:00,0.03117,0.033758346
2010-08-18 22:00:00,0.03326,0.029984528
2010-08-18 23:00:00,0.03564,0.027816487
2010-08-19 00:00:00,0.0301999999999999,0.028655251
2010-08-19 01:00:00,0.02302,0.02915194
2010-08-19 02:00:00,0.02814,0.029048912
2010-08-19 03:00:00,0.03225,0.0300624
2010-08-19 04:00:00,0.02647,0.036733128
2010-08-19 05:00:00,0.04692,0.044600666
2010-08-19 06:00:00,0.05892,0.04335771
2010-08-19 07:00:00,0.04279,0.04646346
2010-08-19 08:00:00,0.03256,0.044076893
2010-08-19 09:00:00,0.04065,0.037956413
2010-08-19 10:00:00,0.03952,0.03572662
2010-08-19 11:00:00,0.03462,0.032340996
2010-08-19 12:00:00,0.0368,0.03578494
2010-08-19 13:00:00,0.03798,0.032806683
2010-08-19 14:00:00,0.03907,0.03354587
2010-08-19 15:00:00,0.03699,0.043454073
2010-08-19 16:00:00,0.07039,0.049421854
2010-08-19 17:00:00,0.05339,0.050127044
2010-08-19 18:00:00,0.04337,0.052979335
2010-08-19 19:00:00,0.069,0.04578717
2010-08-19 20:00:00,0.04206,0.0426241
2010-08-19 21:00:00,0.03333,0.035936005
2010-08-19 22:00:00,0.0399,0.03371139
2010-08-19 23:00:00,0.0273,0.0329484
2010-08-20 00:00:00,0.0292,0.032367364
2010-08-20 01:00:00,0.03018,0.032295898
2010-08-20 02:00:00,0.03043,0.032347064
2010-08-20 03:00:00,0.03066,0.032885768
2010-08-20 04:00:00,0.04083,0.037656475
2010-08-20 05:00:00,0.04102,0.044836845
2010-08-20 06:00:00,0.0389799999999999,0.04698268
2010-08-20 07:00:00,0.03995,0.04632699
2010-08-20 08:00:00,0.04649,0.043086354
2010-08-20 09:00:00,0.05163,0.043036062
2010-08-20 10:00:00,0.03116,0.03572485
2010-08-20 11:00:00,0.04128,0.03324568
2010-08-20 12:00:00,0.03446,0.033861887
2010-08-20 13:00:00,0.03496,0.034189936
2010-08-20 14:00:00,0.03825,0.037721645
2010-08-20 15:00:00,0.04047,0.04120515
2010-08-20 16:00:00,0.0387299999999999,0.04729121
2010-08-20 17:00:00,0.05211,0.04813409
2010-08-20 18:00:00,0.049,0.048614435
2010-08-20 19:00:00,0.04206,0.045804087
2010-08-20 20:00:00,0.03676,0.041888498
2010-08-20 21:00:00,0.04112,0.035717994
2010-08-20 22:00:00,0.0275799999999999,0.033751473
2010-08-20 23:00:00,0.0326599999999999,0.03163415
2010-08-21 00:00:00,0.0240799999999999,0.029093916
2010-08-21 01:00:00,0.02952,0.02891953
2010-08-21 02:00:00,0.01277,0.028042305
2010-08-21 03:00:00,0.01221,0.028276745
2010-08-21 04:00:00,0.03297,0.026373751
2010-08-21 05:00:00,0.0291,0.030129554
2010-08-21 06:00:00,0.0259299999999999,0.032311168
2010-08-21 07:00:00,0.0385099999999999,0.030469326
2010-08-21 08:00:00,0.03704,0.027348025
2010-08-21 09:00:00,0.03563,0.027427264
2010-08-21 10:00:00,0.0309899999999999,0.023707442
2010-08-21 11:00:00,0.0237399999999999,0.01899944
2010-08-21 12:00:00,0.02803,0.020117844
2010-08-21 13:00:00,0.02607,0.021100512
2010-08-21 14:00:00,-0.0192199999999999,0.024643535
2010-08-21 15:00:00,0.03409,0.030825492
2010-08-21 16:00:00,0.03329,0.03442878
2010-08-21 17:00:00,0.03547,0.038514458
2010-08-21 18:00:00,0.03959,0.040003315
2010-08-21 19:00:00,0.03507,0.037745796
2010-08-21 20:00:00,0.0386199999999999,0.034491144
2010-08-21 21:00:00,0.0392599999999999,0.032704715
2010-08-21 22:00:00,0.0272,0.028951863
2010-08-21 23:00:00,0.02861,0.02802344
2010-08-22 00:00:00,0.02873,0.025812764
2010-08-22 01:00:00,0.0127,0.024647858
2010-08-22 02:00:00,0.03074,0.024100056
2010-08-22 03:00:00,0.0258,0.023617325
2010-08-22 04:00:00,0.026,0.02268747
2010-08-22 05:00:00,0.02972,0.025235027
2010-08-22 06:00:00,0.028,0.025035681
2010-08-22 07:00:00,0.03111,0.023965873
2010-08-22 08:00:00,0.02763,0.025259474
2010-08-22 09:00:00,0.02537,0.024263946
2010-08-22 10:00:00,0.03199,0.021140203
2010-08-22 11:00:00,0.02341,0.017940586
2010-08-22 12:00:00,0.01966,0.013765616
2010-08-22 13:00:00,0.02393,0.016380405
2010-08-22 14:00:00,0.0264,0.018349372
2010-08-22 15:00:00,0.03141,0.030442206
2010-08-22 16:00:00,0.03518,0.034596678
2010-08-22 17:00:00,0.03589,0.040526662
2010-08-22 18:00:00,0.0427,0.04063963
2010-08-22 19:00:00,0.03549,0.039989438
2010-08-22 20:00:00,0.0399799999999999,0.035070352
2010-08-22 21:00:00,0.03489,0.03307883
2010-08-22 22:00:00,0.03043,0.027248383
2010-08-22 23:00:00,0.02795,0.027216999
2010-08-23 00:00:00,0.03206,0.028536359
2010-08-23 01:00:00,0.02775,0.028624948
2010-08-23 02:00:00,0.02603,0.02868657
2010-08-23 03:00:00,0.0289,0.030715218
2010-08-23 04:00:00,0.03914,0.039935578
2010-08-23 05:00:00,0.04144,0.047453772
2010-08-23 06:00:00,0.04035,0.049252037
2010-08-23 07:00:00,0.04265,0.049623102
2010-08-23 08:00:00,0.0457,0.047883473
2010-08-23 09:00:00,0.0419099999999999,0.039308622
2010-08-23 10:00:00,0.0409099999999999,0.038461242
2010-08-23 11:00:00,0.04724,0.042263437
2010-08-23 12:00:00,0.0574799999999999,0.034845162
2010-08-23 13:00:00,0.03718,0.038026687
2010-08-23 14:00:00,0.03871,0.038611338
2010-08-23 15:00:00,0.03306,0.04206444
2010-08-23 16:00:00,0.0558699999999999,0.051690254
2010-08-23 17:00:00,0.04457,0.054856155
2010-08-23 18:00:00,0.05219,0.05518285
2010-08-23 19:00:00,0.0417,0.05224262
2010-08-23 20:00:00,0.045,0.04427392
2010-08-23 21:00:00,0.03074,0.040632628
2010-08-23 22:00:00,0.03848,0.03457697
2010-08-23 23:00:00,0.03796,0.032790847
2010-08-24 00:00:00,0.03491,0.031256683
2010-08-24 01:00:00,0.03327,0.031256683
2010-08-24 02:00:00,0.03496,0.031691566
2010-08-24 03:00:00,0.03531,0.032535233
2010-08-24 04:00:00,0.03859,0.040996015
2010-08-24 05:00:00,0.05296,0.044800833
2010-08-24 06:00:00,0.04126,0.04677165
2010-08-24 07:00:00,0.04524,0.046020083
2010-08-24 08:00:00,0.05095,0.043939166
2010-08-24 09:00:00,0.04137,0.041143596
2010-08-24 10:00:00,0.04002,0.037905358
2010-08-24 11:00:00,0.03779,0.037772305
2010-08-24 12:00:00,0.03755,0.035709906
2010-08-24 13:00:00,0.03798,0.034174815
2010-08-24 14:00:00,0.04004,0.03805314
2010-08-24 15:00:00,0.04155,0.042536505
2010-08-24 16:00:00,0.04893,0.049010076
2010-08-24 17:00:00,0.04204,0.050093535
2010-08-24 18:00:00,0.04994,0.0458942
2010-08-24 19:00:00,0.05299,0.042311452
2010-08-24 20:00:00,0.03509,0.042600103
2010-08-24 21:00:00,0.03585,0.035517946
2010-08-24 22:00:00,0.02489,0.032922264
2010-08-24 23:00:00,0.03541,0.032159347
2010-08-25 00:00:00,0.03252,0.03153015
2010-08-25 01:00:00,0.03123,0.031303458
2010-08-25 02:00:00,0.03025,0.03152294
2010-08-25 03:00:00,0.01694,0.030323112
2010-08-25 04:00:00,0.02877,0.04045086
2010-08-25 05:00:00,0.057,0.045551408
2010-08-25 06:00:00,0.05611,0.04539073
2010-08-25 07:00:00,0.04128,0.042401187
2010-08-25 08:00:00,0.04434,0.04428482
2010-08-25 09:00:00,0.03429,0.039336633
2010-08-25 10:00:00,0.03357,0.03688327
2010-08-25 11:00:00,0.04284,0.03220229
2010-08-25 12:00:00,0.03317,0.03317411
2010-08-25 13:00:00,0.03507,0.033747524
2010-08-25 14:00:00,0.03579,0.034764834
2010-08-25 15:00:00,0.01605,0.044678725
2010-08-25 16:00:00,0.02946,0.04746459
2010-08-25 17:00:00,0.04315,0.04469687
2010-08-25 18:00:00,0.06793,0.04770521
2010-08-25 19:00:00,0.03007,0.046199217
2010-08-25 20:00:00,0.0405499999999999,0.03929997
2010-08-25 21:00:00,0.04392,0.03538179
2010-08-25 22:00:00,0.01978,0.032401577
2010-08-25 23:00:00,0.0239899999999999,0.031254806
2010-08-26 00:00:00,0.02596,0.030511137
2010-08-26 01:00:00,0.03726,0.029360171
2010-08-26 02:00:00,0.02941,0.03066135
2010-08-26 03:00:00,0.03539,0.03116085
2010-08-26 04:00:00,0.04193,0.036050778
2010-08-26 05:00:00,0.0525399999999999,0.045493945
2010-08-26 06:00:00,0.04064,0.048284933
2010-08-26 07:00:00,0.03235,0.043843597
2010-08-26 08:00:00,0.03841,0.040457793
2010-08-26 09:00:00,0.04099,0.039871413
2010-08-26 10:00:00,0.03908,0.03620975
2010-08-26 11:00:00,0.02662,0.034439996
2010-08-26 12:00:00,0.03777,0.032745488
2010-08-26 13:00:00,0.04011,0.033362295
2010-08-26 14:00:00,0.02701,0.036477566
2010-08-26 15:00:00,0.0453299999999999,0.03928278
2010-08-26 16:00:00,0.04247,0.049430117
2010-08-26 17:00:00,0.06197,0.052037496
2010-08-26 18:00:00,0.04922,0.049141508
2010-08-26 19:00:00,0.04541,0.04818398
2010-08-26 20:00:00,0.03507,0.042372894
2010-08-26 21:00:00,0.03619,0.03682154
2010-08-26 22:00:00,0.03492,0.034931526
2010-08-26 23:00:00,0.03457,0.03141095
2010-08-27 00:00:00,0.03107,0.031010576
2010-08-27 01:00:00,0.0278099999999999,0.03134668
2010-08-27 02:00:00,0.02097,0.031030051
2010-08-27 03:00:00,0.0321,0.03166857
2010-08-27 04:00:00,0.04083,0.039918374
2010-08-27 05:00:00,0.03909,0.04442915
2010-08-27 06:00:00,0.0389799999999999,0.04412488
2010-08-27 07:00:00,0.04393,0.04264926
2010-08-27 08:00:00,0.04136,0.04198298
2010-08-27 09:00:00,0.04368,0.041786782
2010-08-27 10:00:00,0.02652,0.033980343
2010-08-27 11:00:00,0.03123,0.035968583
2010-08-27 12:00:00,0.03637,0.03251055
2010-08-27 13:00:00,0.0299,0.03321389
2010-08-27 14:00:00,0.04146,0.032691028
2010-08-27 15:00:00,0.0339,0.040939886
2010-08-27 16:00:00,0.04875,0.043132424
2010-08-27 17:00:00,0.04951,0.04897408
2010-08-27 18:00:00,0.04007,0.047880035
2010-08-27 19:00:00,0.04717,0.044507496
2010-08-27 20:00:00,0.04236,0.03901608
2010-08-27 21:00:00,0.03691,0.03786507
2010-08-27 22:00:00,0.03682,0.0327318
2010-08-27 23:00:00,0.02909,0.031204602
2010-08-28 00:00:00,0.0240799999999999,0.026192361
2010-08-28 01:00:00,0.0239899999999999,0.027019525
2010-08-28 02:00:00,0.01277,0.024543662
2010-08-28 03:00:00,0.0295,0.02429557
2010-08-28 04:00:00,0.0296,0.028401246
2010-08-28 05:00:00,0.03283,0.030237304
2010-08-28 06:00:00,0.03772,0.030208185
2010-08-28 07:00:00,0.02999,0.031363085
2010-08-28 08:00:00,0.01259,0.027327629
2010-08-28 09:00:00,0.00534,0.028111322
2010-08-28 10:00:00,0.02509,0.024340514
2010-08-28 11:00:00,0.028,0.021430032
2010-08-28 12:00:00,0.02714,0.02154805
2010-08-28 13:00:00,0.00451,0.022974927
2010-08-28 14:00:00,0.01498,0.01687489
2010-08-28 15:00:00,-2e-05,0.02940599
2010-08-28 16:00:00,0.03693,0.035367537
2010-08-28 17:00:00,0.03698,0.037710343
2010-08-28 18:00:00,0.03875,0.03847936
2010-08-28 19:00:00,0.03993,0.03684102
2010-08-28 20:00:00,0.03707,0.034380108
2010-08-28 21:00:00,0.03302,0.03469054
2010-08-28 22:00:00,0.0376899999999999,0.02863124
2010-08-28 23:00:00,0.02916,0.0278425
2010-08-29 00:00:00,0.02214,0.026123304
2010-08-29 01:00:00,0.01932,0.021682883
2010-08-29 02:00:00,0.02612,0.02346851
2010-08-29 03:00:00,0.0257,0.024606625
2010-08-29 04:00:00,0.01194,0.024928484
2010-08-29 05:00:00,0.0243999999999999,0.024419092
2010-08-29 06:00:00,0.02907,0.024603164
2010-08-29 07:00:00,0.03225,0.024043007
2010-08-29 08:00:00,0.02551,0.021808352
2010-08-29 09:00:00,0.02836,0.018935373
2010-08-29 10:00:00,3e-05,0.020948866
2010-08-29 11:00:00,0.02191,0.012458999
2010-08-29 12:00:00,-0.00998,0.010573397
2010-08-29 13:00:00,0.00877,0.012397052
2010-08-29 14:00:00,0.01414,0.018341888
2010-08-29 15:00:00,0.02659,0.02543358
2010-08-29 16:00:00,0.03518,0.032822724
2010-08-29 17:00:00,0.03908,0.03629996
2010-08-29 18:00:00,0.03414,0.040497873
2010-08-29 19:00:00,0.04094,0.035164353
2010-08-29 20:00:00,0.03749,0.038594007
2010-08-29 21:00:00,0.037,0.031813405
2010-08-29 22:00:00,0.02879,0.028309466
2010-08-29 23:00:00,0.02872,0.02556768
2010-08-30 00:00:00,0.02889,0.027039133
2010-08-30 01:00:00,0.0255,0.027458014
2010-08-30 02:00:00,0.02791,0.0274875
2010-08-30 03:00:00,0.03439,0.029246507
2010-08-30 04:00:00,0.03914,0.040165246
2010-08-30 05:00:00,0.05994,0.04427138
2010-08-30 06:00:00,0.05602,0.045938395
2010-08-30 07:00:00,0.05604,0.044928063
2010-08-30 08:00:00,0.0367,0.04181002
2010-08-30 09:00:00,0.0388299999999999,0.035745464
2010-08-30 10:00:00,0.0299,0.035740837
2010-08-30 11:00:00,0.03278,0.03633569
2010-08-30 12:00:00,0.04387,0.040894188
2010-08-30 13:00:00,0.039,0.0344259
2010-08-30 14:00:00,0.02728,0.037903227
2010-08-30 15:00:00,0.03967,0.041213814
2010-08-30 16:00:00,0.06054,0.051915914
2010-08-30 17:00:00,0.07906,0.050835475
2010-08-30 18:00:00,0.05946,0.055997916
2010-08-30 19:00:00,0.0434,0.051456433
2010-08-30 20:00:00,0.0409,0.043261554
2010-08-30 21:00:00,0.03074,0.036811672
2010-08-30 22:00:00,0.0316,0.035887785
2010-08-30 23:00:00,0.03692,0.033077974
2010-08-31 00:00:00,0.03149,0.03237484
2010-08-31 01:00:00,0.02978,0.03229941
2010-08-31 02:00:00,0.03008,0.032394316
2010-08-31 03:00:00,0.03754,0.032948144
2010-08-31 04:00:00,0.0469,0.03925689
2010-08-31 05:00:00,0.04575,0.047479928
2010-08-31 06:00:00,0.05366,0.048319142
2010-08-31 07:00:00,0.04922,0.04774123
2010-08-31 08:00:00,0.04307,0.044716652
2010-08-31 09:00:00,0.03522,0.04201466
2010-08-31 10:00:00,0.0321,0.0375546
2010-08-31 11:00:00,0.0388699999999999,0.03504202
2010-08-31 12:00:00,0.02934,0.036174115
2010-08-31 13:00:00,0.04511,0.035847086
2010-08-31 14:00:00,0.03396,0.037797567
2010-08-31 15:00:00,0.03895,0.04342242
2010-08-31 16:00:00,0.03853,0.049228657
2010-08-31 17:00:00,0.04649,0.050397556
2010-08-31 18:00:00,0.0538699999999999,0.05032409
2010-08-31 19:00:00,0.0512,0.04777923
2010-08-31 20:00:00,0.04912,0.04042747
2010-08-31 21:00:00,0.03585,0.03565448
2010-08-31 22:00:00,0.03227,0.03313714
2010-08-31 23:00:00,0.02434,0.032072276
2010-09-01 00:00:00,0.03971,0.031337965
2010-09-01 01:00:00,0.03472,0.031337965
2010-09-01 02:00:00,0.0277,0.031523746
2010-09-01 03:00:00,0.04189,0.030406443
2010-09-01 04:00:00,0.05132,0.039523505
2010-09-01 05:00:00,0.0623699999999999,0.048755888
2010-09-01 06:00:00,0.05832,0.051877398
2010-09-01 07:00:00,0.05256,0.049611453
2010-09-01 08:00:00,0.03773,0.04589015
2010-09-01 09:00:00,0.02961,0.03961563
2010-09-01 10:00:00,0.0498,0.03497656
2010-09-01 11:00:00,0.02705,0.037962753
2010-09-01 12:00:00,0.02943,0.034959685
2010-09-01 13:00:00,0.0300199999999999,0.036154885
2010-09-01 14:00:00,0.04894,0.034953374
2010-09-01 15:00:00,0.05398,0.03926709
2010-09-01 16:00:00,0.06148,0.046146367
2010-09-01 17:00:00,0.04026,0.054604918
2010-09-01 18:00:00,0.05744,0.055500463
2010-09-01 19:00:00,0.0383699999999999,0.043599814
2010-09-01 20:00:00,0.04337,0.0438801
2010-09-01 21:00:00,0.02987,0.03827796
2010-09-01 22:00:00,0.03334,0.03332798
2010-09-01 23:00:00,0.02596,0.031921465
2010-09-02 00:00:00,0.02647,0.03366399
2010-09-02 01:00:00,0.03484,0.03228786
2010-09-02 02:00:00,0.01908,0.032424312
2010-09-02 03:00:00,0.02634,0.03361464
2010-09-02 04:00:00,0.04518,0.043289125
2010-09-02 05:00:00,0.05029,0.0494516
2010-09-02 06:00:00,0.05151,0.04919616
2010-09-02 07:00:00,0.05391,0.043820515
2010-09-02 08:00:00,0.03327,0.041315816
2010-09-02 09:00:00,0.02984,0.041496456
2010-09-02 10:00:00,0.02707,0.038999632
2010-09-02 11:00:00,0.03631,0.03416774
2010-09-02 12:00:00,0.03268,0.033627547
2010-09-02 13:00:00,0.03419,0.03752583
2010-09-02 14:00:00,0.03111,0.036411684
2010-09-02 15:00:00,0.05574,0.0451626
2010-09-02 16:00:00,0.0665,0.04888336
2010-09-02 17:00:00,0.07984,0.055250052
2010-09-02 18:00:00,0.0549399999999999,0.051555045
2010-09-02 19:00:00,0.03612,0.04672268
2010-09-02 20:00:00,0.03684,0.041602895
2010-09-02 21:00:00,0.03093,0.03563667
2010-09-02 22:00:00,0.03737,0.033361543
2010-09-02 23:00:00,0.02571,0.031658266
2010-09-03 00:00:00,0.02436,0.031819332
2010-09-03 01:00:00,0.0272,0.03154924
2010-09-03 02:00:00,0.02826,0.030611435
2010-09-03 03:00:00,0.03001,0.032997206
2010-09-03 04:00:00,0.04502,0.041952513
2010-09-03 05:00:00,0.04843,0.047266256
2010-09-03 06:00:00,0.05031,0.04920698
2010-09-03 07:00:00,0.062,0.048106894
2010-09-03 08:00:00,0.04203,0.0438449
2010-09-03 09:00:00,0.04285,0.041848473
2010-09-03 10:00:00,0.036,0.035398316
2010-09-03 11:00:00,0.03811,0.034859236
2010-09-03 12:00:00,0.03338,0.03434271
2010-09-03 13:00:00,0.03443,0.034203265
2010-09-03 14:00:00,0.03753,0.03818418
2010-09-03 15:00:00,0.04403,0.04290915
2010-09-03 16:00:00,0.05296,0.049995385
2010-09-03 17:00:00,0.04836,0.050956864
2010-09-03 18:00:00,0.05207,0.049045414
2010-09-03 19:00:00,0.04599,0.04447693
2010-09-03 20:00:00,0.04279,0.042625125
2010-09-03 21:00:00,0.03448,0.035746027
2010-09-03 22:00:00,0.03307,0.034209352
2010-09-03 23:00:00,0.03534,0.031824425
2010-09-04 00:00:00,0.03433,0.028449113
2010-09-04 01:00:00,0.0341599999999999,0.028592901
2010-09-04 02:00:00,0.03006,0.028489446
2010-09-04 03:00:00,0.03296,0.029976878
2010-09-04 04:00:00,0.0316,0.033146527
2010-09-04 05:00:00,0.0342,0.034996584
2010-09-04 06:00:00,0.0367199999999999,0.03642197
2010-09-04 07:00:00,0.03458,0.037535183
2010-09-04 08:00:00,0.03149,0.032393865
2010-09-04 09:00:00,0.02804,0.03185776
2010-09-04 10:00:00,0.00275,0.028413262
2010-09-04 11:00:00,-0.00156,0.027037313
2010-09-04 12:00:00,0.03396,0.020902658
2010-09-04 13:00:00,0.00455,0.021844162
2010-09-04 14:00:00,0.02754,0.02507255
2010-09-04 15:00:00,0.03395,0.03225256
2010-09-04 16:00:00,0.03821,0.037078474
2010-09-04 17:00:00,0.0440399999999999,0.041038528
2010-09-04 18:00:00,0.04799,0.040321358
2010-09-04 19:00:00,0.0261,0.03979905
2010-09-04 20:00:00,0.03798,0.03493646
2010-09-04 21:00:00,0.03674,0.032466438
2010-09-04 22:00:00,0.03546,0.028167253
2010-09-04 23:00:00,0.03677,0.02744219
2010-09-05 00:00:00,0.0304499999999999,0.024556808
2010-09-05 01:00:00,0.0344,0.021588948
2010-09-05 02:00:00,0.02939,0.023346217
2010-09-05 03:00:00,0.0342,0.023550102
2010-09-05 04:00:00,0.0266,0.022449177
2010-09-05 05:00:00,0.0308999999999999,0.024062824
2010-09-05 06:00:00,0.0308,0.026511315
2010-09-05 07:00:00,0.0332,0.026633533
2010-09-05 08:00:00,0.0321899999999999,0.024955
2010-09-05 09:00:00,0.03134,0.024061263
2010-09-05 10:00:00,-7.000000000000001e-05,0.018635234
2010-09-05 11:00:00,-0.00745,0.016233021
2010-09-05 12:00:00,-0.01277,0.009561392
2010-09-05 13:00:00,0.03073,0.015401964
2010-09-05 14:00:00,-0.00047,0.021488694
2010-09-05 15:00:00,0.0392999999999999,0.030754788
2010-09-05 16:00:00,0.04647,0.03607908
2010-09-05 17:00:00,0.028,0.04105167
2010-09-05 18:00:00,0.0385,0.039347302
2010-09-05 19:00:00,0.0479,0.039969377
2010-09-05 20:00:00,0.0334,0.034999758
2010-09-05 21:00:00,0.03827,0.03309585
2010-09-05 22:00:00,0.0332999999999999,0.029294271
2010-09-05 23:00:00,0.03257,0.028680198
2010-09-06 00:00:00,0.0295,0.028429423
2010-09-06 01:00:00,-0.03729,0.028359728
2010-09-06 02:00:00,0.03092,0.028068794
2010-09-06 03:00:00,0.03131,0.028850943
2010-09-06 04:00:00,0.04704,0.040561687
2010-09-06 05:00:00,0.05564,0.048363917
2010-09-06 06:00:00,0.0713599999999999,0.052042596
2010-09-06 07:00:00,0.05654,0.049796477
2010-09-06 08:00:00,0.0544,0.039730154
2010-09-06 09:00:00,0.04617,0.03784072
2010-09-06 10:00:00,0.046,0.031712584
2010-09-06 11:00:00,0.03778,0.035342257
2010-09-06 12:00:00,0.04727,0.04004018
2010-09-06 13:00:00,0.04223,0.03885566
2010-09-06 14:00:00,0.04846,0.03841538
2010-09-06 15:00:00,0.04693,0.0484943
2010-09-06 16:00:00,0.04541,0.059099104
2010-09-06 17:00:00,0.06498,0.06036819
2010-09-06 18:00:00,0.09813,0.0590976
2010-09-06 19:00:00,0.04921,0.049387425
2010-09-06 20:00:00,0.04458,0.043763276
2010-09-06 21:00:00,0.03435,0.037568502
2010-09-06 22:00:00,0.03189,0.03546198
2010-09-06 23:00:00,0.03743,0.033759676
2010-09-07 00:00:00,0.03685,0.03219134
2010-09-07 01:00:00,0.0243,0.03270708
2010-09-07 02:00:00,0.03589,0.033053186
2010-09-07 03:00:00,0.04181,0.034189314
2010-09-07 04:00:00,0.0529699999999999,0.043221287
2010-09-07 05:00:00,0.0427,0.049860943
2010-09-07 06:00:00,0.07309,0.05683523
2010-09-07 07:00:00,0.041,0.054673888
2010-09-07 08:00:00,0.03295,0.05064109
2010-09-07 09:00:00,0.05392,0.044332236
2010-09-07 10:00:00,0.02751,0.04023843
2010-09-07 11:00:00,0.05001,0.040238664
2010-09-07 12:00:00,0.04574,0.039639186
2010-09-07 13:00:00,0.04682,0.04324078
2010-09-07 14:00:00,0.04858,0.040633272
2010-09-07 15:00:00,0.06243,0.050950795
2010-09-07 16:00:00,0.04496,0.049223423
2010-09-07 17:00:00,0.06702,0.055407587
2010-09-07 18:00:00,0.0511799999999999,0.056780495
2010-09-07 19:00:00,0.0461199999999999,0.049594034
2010-09-07 20:00:00,0.05019,0.044409808
2010-09-07 21:00:00,0.04536,0.037348863
2010-09-07 22:00:00,0.03125,0.03446083
2010-09-07 23:00:00,0.0462999999999999,0.03238859
2010-09-08 00:00:00,0.0451,0.03431156
2010-09-08 01:00:00,0.04312,0.03328153
2010-09-08 02:00:00,0.0357,0.033507667
2010-09-08 03:00:00,0.03018,0.037216116
2010-09-08 04:00:00,0.03972,0.046282925
2010-09-08 05:00:00,0.04281,0.051234692
2010-09-08 06:00:00,0.04325,0.05674743
2010-09-08 07:00:00,0.06351,0.054371856
2010-09-08 08:00:00,0.0362899999999999,0.044627037
2010-09-08 09:00:00,0.05696,0.045728132
2010-09-08 10:00:00,0.02909,0.043714117
2010-09-08 11:00:00,0.05024,0.040943068
2010-09-08 12:00:00,0.02943,0.041393768
2010-09-08 13:00:00,0.04402,0.039868955
2010-09-08 14:00:00,0.04218,0.045061238
2010-09-08 15:00:00,0.04999,0.0519052
2010-09-08 16:00:00,0.05643,0.055448335
2010-09-08 17:00:00,0.05227,0.054517627
2010-09-08 18:00:00,0.04067,0.057772268
2010-09-08 19:00:00,0.04319,0.044260506
2010-09-08 20:00:00,0.03902,0.04376135
2010-09-08 21:00:00,0.03245,0.036885813
2010-09-08 22:00:00,0.0344,0.034334663
2010-09-08 23:00:00,0.02596,0.034304567
2010-09-09 00:00:00,0.0253,0.033861175
2010-09-09 01:00:00,0.03484,0.033301514
2010-09-09 02:00:00,0.01908,0.03147811
2010-09-09 03:00:00,0.02655,0.03303509
2010-09-09 04:00:00,0.0487299999999999,0.04379708
2010-09-09 05:00:00,0.05029,0.047727108
2010-09-09 06:00:00,0.05926,0.054855727
2010-09-09 07:00:00,0.03645,0.051930394
2010-09-09 08:00:00,0.04393,0.040745184
2010-09-09 09:00:00,0.02984,0.042995624
2010-09-09 10:00:00,0.03989,0.0351404
2010-09-09 11:00:00,0.0272,0.0377514
2010-09-09 12:00:00,0.0371,0.034068715
2010-09-09 13:00:00,0.04473,0.036679737
2010-09-09 14:00:00,0.03976,0.036346335
2010-09-09 15:00:00,0.0399,0.048989896
2010-09-09 16:00:00,0.05393,0.05419997
2010-09-09 17:00:00,0.03995,0.05727473
2010-09-09 18:00:00,0.04092,0.053827204
2010-09-09 19:00:00,0.03612,0.043245565
2010-09-09 20:00:00,0.04989,0.04022381
2010-09-09 21:00:00,0.03093,0.0360638
2010-09-09 22:00:00,0.03737,0.032906234
2010-09-09 23:00:00,0.02795,0.03180574
2010-09-10 00:00:00,0.02711,0.03157921
2010-09-10 01:00:00,0.02624,0.03162036
2010-09-10 02:00:00,0.02705,0.030454708
2010-09-10 03:00:00,0.0301,0.031809177
2010-09-10 04:00:00,0.04174,0.041804314
2010-09-10 05:00:00,0.06257,0.04563709
2010-09-10 06:00:00,0.06945,0.047918316
2010-09-10 07:00:00,0.04469,0.049707882
2010-09-10 08:00:00,0.03745,0.044231385
2010-09-10 09:00:00,0.04414,0.0426102
2010-09-10 10:00:00,0.04623,0.035856467
2010-09-10 11:00:00,0.03572,0.03505721
2010-09-10 12:00:00,0.03438,0.034364443
2010-09-10 13:00:00,0.03381,0.036344487
2010-09-10 14:00:00,0.03652,0.036672186
2010-09-10 15:00:00,0.0466199999999999,0.04384346
2010-09-10 16:00:00,0.04654,0.05156294
2010-09-10 17:00:00,0.0642099999999999,0.05020989
2010-09-10 18:00:00,0.0626,0.051587336
2010-09-10 19:00:00,0.05205,0.04442176
2010-09-10 20:00:00,0.04983,0.04323238
2010-09-10 21:00:00,0.03604,0.03640456
2010-09-10 22:00:00,0.0265,0.034612518
2010-09-10 23:00:00,0.03001,0.03282989
2010-09-11 00:00:00,0.03098,0.031055525
2010-09-11 01:00:00,0.03009,0.03097717
2010-09-11 02:00:00,0.02945,0.03085525
2010-09-11 03:00:00,0.03296,0.03090312
2010-09-11 04:00:00,0.0316,0.03236713
2010-09-11 05:00:00,0.0342,0.03602159
2010-09-11 06:00:00,0.0434,0.038920507
2010-09-11 07:00:00,0.0368,0.035980232
2010-09-11 08:00:00,0.03149,0.033598833
2010-09-11 09:00:00,0.02804,0.033858903
2010-09-11 10:00:00,0.02827,0.029330926
2010-09-11 11:00:00,0.03203,0.026955899
2010-09-11 12:00:00,-0.00045,0.024519503
2010-09-11 13:00:00,0.02675,0.025099196
2010-09-11 14:00:00,0.023,0.029532408
2010-09-11 15:00:00,0.0407,0.034151435
2010-09-11 16:00:00,0.0381899999999999,0.040162336
2010-09-11 17:00:00,0.05102,0.044311915
2010-09-11 18:00:00,0.04799,0.0439017
2010-09-11 19:00:00,0.04441,0.03695333
2010-09-11 20:00:00,0.03176,0.03601384
2010-09-11 21:00:00,0.03289,0.03236333
2010-09-11 22:00:00,0.03308,0.02869565
2010-09-11 23:00:00,0.01992,0.026798237
2010-09-12 00:00:00,0.02836,0.02602766
2010-09-12 01:00:00,0.03003,0.025132181
2010-09-12 02:00:00,0.03192,0.0254377
2010-09-12 03:00:00,0.0273,0.02516247
2010-09-12 04:00:00,0.02914,0.025665438
2010-09-12 05:00:00,0.0217,0.0275676
2010-09-12 06:00:00,0.026,0.030398333
2010-09-12 07:00:00,0.0301,0.0270476
2010-09-12 08:00:00,0.02624,0.025434094
2010-09-12 09:00:00,0.03427,0.02401528
2010-09-12 10:00:00,0.0311299999999999,0.020234816
2010-09-12 11:00:00,0.03102,0.011309298
2010-09-12 12:00:00,-0.04994,0.0074323197
2010-09-12 13:00:00,0.0323699999999999,0.020681437
2010-09-12 14:00:00,-0.00047,0.022587964
2010-09-12 15:00:00,0.0351,0.034952864
2010-09-12 16:00:00,0.0165799999999999,0.03764784
2010-09-12 17:00:00,0.05195,0.03894951
2010-09-12 18:00:00,0.05,0.03889691
2010-09-12 19:00:00,0.04549,0.041208986
2010-09-12 20:00:00,0.04176,0.03495371
2010-09-12 21:00:00,0.03831,0.03329284
2010-09-12 22:00:00,0.03522,0.028682757
2010-09-12 23:00:00,0.03257,0.02701579
2010-09-13 00:00:00,0.0329,0.027958017
2010-09-13 01:00:00,0.03053,0.018557401
2010-09-13 02:00:00,0.02872,0.028200768
2010-09-13 03:00:00,0.03607,0.029894395
2010-09-13 04:00:00,0.04704,0.04191761
2010-09-13 05:00:00,0.04899,0.04925119
2010-09-13 06:00:00,0.04955,0.05648283
2010-09-13 07:00:00,0.02921,0.05343391
2010-09-13 08:00:00,0.053,0.05083565
2010-09-13 09:00:00,0.04617,0.040648017
2010-09-13 10:00:00,0.04046,0.03858891
2010-09-13 11:00:00,0.03778,0.03486593
2010-09-13 12:00:00,0.0364,0.03857724
2010-09-13 13:00:00,0.03599,0.041323226
2010-09-13 14:00:00,0.05392,0.042464662
2010-09-13 15:00:00,0.04084,0.052479737
2010-09-13 16:00:00,0.05558,0.05300249
2010-09-13 17:00:00,0.12062,0.062141515
2010-09-13 18:00:00,0.09813,0.059474442
2010-09-13 19:00:00,0.05109,0.05183941
2010-09-13 20:00:00,0.03778,0.04518256
2010-09-13 21:00:00,0.04032,0.03836008
2010-09-13 22:00:00,0.03301,0.03579722
2010-09-13 23:00:00,0.03743,0.034429733
2010-09-14 00:00:00,0.02626,0.03316536
2010-09-14 01:00:00,0.0300199999999999,0.032201067
2010-09-14 02:00:00,0.0299,0.033575185
2010-09-14 03:00:00,0.02823,0.036439072
2010-09-14 04:00:00,0.04808,0.04332519
2010-09-14 05:00:00,0.04074,0.04816935
2010-09-14 06:00:00,0.04414,0.05676953
2010-09-14 07:00:00,0.05304,0.050311785
2010-09-14 08:00:00,0.03165,0.048300672
2010-09-14 09:00:00,0.0326,0.04971617
2010-09-14 10:00:00,0.0310399999999999,0.038215563
2010-09-14 11:00:00,0.0311499999999999,0.042201634
2010-09-14 12:00:00,0.0317,0.04018528
2010-09-14 13:00:00,0.03201,0.041990113
2010-09-14 14:00:00,0.02503,0.04361123
2010-09-14 15:00:00,0.05892,0.048595257
2010-09-14 16:00:00,0.0557999999999999,0.04950965
2010-09-14 17:00:00,0.03949,0.05702686
2010-09-14 18:00:00,0.07314,0.052041348
2010-09-14 19:00:00,0.07768,0.047364626
2010-09-14 20:00:00,0.05019,0.042997945
2010-09-14 21:00:00,0.04536,0.039715335
2010-09-14 22:00:00,0.05012,0.033857603
2010-09-14 23:00:00,0.04178,0.035540767
2010-09-15 00:00:00,0.027,0.034397963
2010-09-15 01:00:00,0.03845,0.034294244
2010-09-15 02:00:00,0.0299,0.03235798
2010-09-15 03:00:00,0.03018,0.032784466
2010-09-15 04:00:00,0.05132,0.04213074
2010-09-15 05:00:00,0.04257,0.045578852
2010-09-15 06:00:00,0.0711099999999999,0.049101274
2010-09-15 07:00:00,0.05664,0.04987426
2010-09-15 08:00:00,0.03773,0.041480076
2010-09-15 09:00:00,0.02923,0.04857574
2010-09-15 10:00:00,0.04493,0.037508983
2010-09-15 11:00:00,0.02907,0.04333362
2010-09-15 12:00:00,0.0399799999999999,0.036219746
2010-09-15 13:00:00,0.0300199999999999,0.041312803
2010-09-15 14:00:00,0.02965,0.043447293
2010-09-15 15:00:00,0.03168,0.049870893
2010-09-15 16:00:00,0.03805,0.05386565
2010-09-15 17:00:00,0.05966,0.056356415
2010-09-15 18:00:00,0.0479799999999999,0.054552406
2010-09-15 19:00:00,0.04768,0.045178745
2010-09-15 20:00:00,0.0353,0.04343508
2010-09-15 21:00:00,0.0301,0.03745468
2010-09-15 22:00:00,0.03418,0.034464415
2010-09-15 23:00:00,0.0311499999999999,0.033003423
2010-09-16 00:00:00,0.03473,0.0311058
2010-09-16 01:00:00,0.03484,0.031524286
2010-09-16 02:00:00,0.01908,0.030657541
2010-09-16 03:00:00,0.03074,0.031566456
2010-09-16 04:00:00,0.0487299999999999,0.04336415
2010-09-16 05:00:00,0.0396199999999999,0.046426814
2010-09-16 06:00:00,0.04059,0.051296696
2010-09-16 07:00:00,0.03645,0.044568673
2010-09-16 08:00:00,0.04984,0.043150783
2010-09-16 09:00:00,0.04721,0.03790827
2010-09-16 10:00:00,0.03781,0.03792768
2010-09-16 11:00:00,0.0272,0.033390418
2010-09-16 12:00:00,0.03579,0.033768684
2010-09-16 13:00:00,0.04473,0.037152767
2010-09-16 14:00:00,0.04808,0.03703808
2010-09-16 15:00:00,0.04234,0.044795778
2010-09-16 16:00:00,0.04528,0.051805284
2010-09-16 17:00:00,0.0434,0.05088892
2010-09-16 18:00:00,0.06544,0.05276956
2010-09-16 19:00:00,0.04151,0.046412643
2010-09-16 20:00:00,0.04809,0.04253845
2010-09-16 21:00:00,0.03861,0.036247484
2010-09-16 22:00:00,0.02683,0.034298573
2010-09-16 23:00:00,0.03192,0.032719035
2010-09-17 00:00:00,0.02903,0.031745557
2010-09-17 01:00:00,0.02596,0.0318908
2010-09-17 02:00:00,0.02705,0.031267013
2010-09-17 03:00:00,0.0301,0.032641724
2010-09-17 04:00:00,0.04877,0.041992966
2010-09-17 05:00:00,0.05347,0.048026066
2010-09-17 06:00:00,0.0564799999999999,0.053423334
2010-09-17 07:00:00,0.05209,0.048207328
2010-09-17 08:00:00,0.04727,0.0416186
2010-09-17 09:00:00,0.04727,0.04263697
2010-09-17 10:00:00,0.03702,0.03827145
2010-09-17 11:00:00,0.03267,0.03466063
2010-09-17 12:00:00,0.0286,0.034836236
2010-09-17 13:00:00,0.03443,0.03550492
2010-09-17 14:00:00,0.0367899999999999,0.03603804
2010-09-17 15:00:00,0.04801,0.04334974
2010-09-17 16:00:00,0.04795,0.048901133
2010-09-17 17:00:00,0.04836,0.053743195
2010-09-17 18:00:00,0.04749,0.053409997
2010-09-17 19:00:00,0.0384,0.04736512
2010-09-17 20:00:00,0.03918,0.043152902
2010-09-17 21:00:00,0.03007,0.03628814
2010-09-17 22:00:00,0.03307,0.033550415
2010-09-17 23:00:00,0.03001,0.03174118
2010-09-18 00:00:00,0.03433,0.029639842
2010-09-18 01:00:00,0.03189,0.029435525
2010-09-18 02:00:00,0.02594,0.029841887
2010-09-18 03:00:00,0.02717,0.029894788
2010-09-18 04:00:00,0.03643,0.032008313
2010-09-18 05:00:00,0.02746,0.034900628
2010-09-18 06:00:00,0.03831,0.040051833
2010-09-18 07:00:00,0.04177,0.035107814
2010-09-18 08:00:00,0.03358,0.034681525
2010-09-18 09:00:00,0.02904,0.03326474
2010-09-18 10:00:00,0.03128,0.027724396
2010-09-18 11:00:00,-0.00156,0.025982633
2010-09-18 12:00:00,0.0266999999999999,0.020978196
2010-09-18 13:00:00,0.02767,0.024645224
2010-09-18 14:00:00,0.03339,0.025780935
2010-09-18 15:00:00,0.0389799999999999,0.035702553
2010-09-18 16:00:00,0.05,0.036838237
2010-09-18 17:00:00,0.05,0.042633444
2010-09-18 18:00:00,0.04125,0.04313201
2010-09-18 19:00:00,0.03493,0.04037704
2010-09-18 20:00:00,0.0331,0.034849145
2010-09-18 21:00:00,0.02834,0.031939484
2010-09-18 22:00:00,0.03789,0.029128117
2010-09-18 23:00:00,0.03261,0.02654243
2010-09-19 00:00:00,0.02647,0.026151117
2010-09-19 01:00:00,0.02592,0.025671776
2010-09-19 02:00:00,0.01396,0.025755415
2010-09-19 03:00:00,0.0296,0.02570439
2010-09-19 04:00:00,0.0266,0.027557855
2010-09-19 05:00:00,0.02649,0.028321479
2010-09-19 06:00:00,0.035,0.030561032
2010-09-19 07:00:00,0.0332,0.03180183
2010-09-19 08:00:00,0.02624,0.026382988
2010-09-19 09:00:00,0.03619,0.02470313
2010-09-19 10:00:00,0.0341,0.024177175
2010-09-19 11:00:00,0.0306999999999999,0.021234093
2010-09-19 12:00:00,-0.01277,0.020402323
2010-09-19 13:00:00,0.03201,0.020602817
2010-09-19 14:00:00,0.0342,0.02218587
2010-09-19 15:00:00,0.02994,0.03248318
2010-09-19 16:00:00,0.04623,0.036229998
2010-09-19 17:00:00,0.03652,0.04511368
2010-09-19 18:00:00,0.02548,0.041961588
2010-09-19 19:00:00,0.0464799999999999,0.040018257
2010-09-19 20:00:00,0.04176,0.038566224
2010-09-19 21:00:00,0.03435,0.03304715
2010-09-19 22:00:00,0.02928,0.028532581
2010-09-19 23:00:00,0.03409,0.026834607
2010-09-20 00:00:00,0.03209,0.028701935
2010-09-20 01:00:00,0.03043,0.028367274
2010-09-20 02:00:00,0.0272399999999999,0.028935848
2010-09-20 03:00:00,0.0332999999999999,0.02910678
2010-09-20 04:00:00,0.04713,0.042606823
2010-09-20 05:00:00,0.0731899999999999,0.04874584
2010-09-20 06:00:00,0.04033,0.054237414
2010-09-20 07:00:00,0.05531,0.047671933
2010-09-20 08:00:00,0.04797,0.049508743
2010-09-20 09:00:00,0.04617,0.045985073
2010-09-20 10:00:00,0.0491599999999999,0.041038312
2010-09-20 11:00:00,0.048,0.03640687
2010-09-20 12:00:00,0.04939,0.037430126
2010-09-20 13:00:00,0.04704,0.038606487
2010-09-20 14:00:00,0.056,0.04652705
2010-09-20 15:00:00,0.04514,0.053992398
2010-09-20 16:00:00,0.05478,0.06115873
2010-09-20 17:00:00,0.06094,0.06122608
2010-09-20 18:00:00,0.05734,0.0585846
2010-09-20 19:00:00,0.04692,0.05186989
2010-09-20 20:00:00,0.0479099999999999,0.043106284
2010-09-20 21:00:00,0.03224,0.040576946
2010-09-20 22:00:00,0.03688,0.03568466
2010-09-20 23:00:00,0.02814,0.03340843
2010-09-21 00:00:00,0.03524,0.03216989
2010-09-21 01:00:00,0.03491,0.03216989
2010-09-21 02:00:00,0.0386,0.032659795
2010-09-21 03:00:00,0.0322299999999999,0.03341741
2010-09-21 04:00:00,0.04808,0.042316195
2010-09-21 05:00:00,0.04495,0.049760982
2010-09-21 06:00:00,0.04593,0.05190352
2010-09-21 07:00:00,0.041,0.0534966
2010-09-21 08:00:00,0.06729,0.04495666
2010-09-21 09:00:00,0.06662,0.04468554
2010-09-21 10:00:00,0.0277,0.040732313
2010-09-21 11:00:00,0.04699,0.040211495
2010-09-21 12:00:00,0.05224,0.03891318
2010-09-21 13:00:00,0.047,0.040032484
2010-09-21 14:00:00,0.04858,0.04099878
2010-09-21 15:00:00,0.0489099999999999,0.051450737
2010-09-21 16:00:00,0.0557999999999999,0.05514105
2010-09-21 17:00:00,0.06702,0.05335466
2010-09-21 18:00:00,0.06593,0.056753084
2010-09-21 19:00:00,0.03577,0.053509783
2010-09-21 20:00:00,0.06344,0.045864068
2010-09-21 21:00:00,0.05151,0.0399535
2010-09-21 22:00:00,0.03431,0.037378527
2010-09-21 23:00:00,0.0462999999999999,0.0354406
2010-09-22 00:00:00,0.02862,0.033883758
2010-09-22 01:00:00,0.03425,0.033768248
2010-09-22 02:00:00,0.03779,0.033664245
2010-09-22 03:00:00,0.04635,0.03410272
2010-09-22 04:00:00,0.05998,0.04525848
2010-09-22 05:00:00,0.05321,0.051941767
2010-09-22 06:00:00,0.04934,0.058281884
2010-09-22 07:00:00,0.04393,0.056001946
2010-09-22 08:00:00,0.0545099999999999,0.04884728
2010-09-22 09:00:00,0.04892,0.047647987
2010-09-22 10:00:00,0.04835,0.044546947
2010-09-22 11:00:00,0.0441099999999999,0.04122305
2010-09-22 12:00:00,0.02868,0.045517903
2010-09-22 13:00:00,0.04346,0.04089597
2010-09-22 14:00:00,0.02965,0.043015506
2010-09-22 15:00:00,0.04999,0.05059573
2010-09-22 16:00:00,0.03734,0.051362835
2010-09-22 17:00:00,0.03967,0.06281865
2010-09-22 18:00:00,0.0411,0.056077417
2010-09-22 19:00:00,0.03825,0.045417152
2010-09-22 20:00:00,0.0353,0.042771444
2010-09-22 21:00:00,0.037,0.035975855
2010-09-22 22:00:00,0.03411,0.03431725
2010-09-22 23:00:00,0.03485,0.033759262
2010-09-23 00:00:00,0.02753,0.03252383
2010-09-23 01:00:00,0.03155,0.032360535
2010-09-23 02:00:00,0.03458,0.032223642
2010-09-23 03:00:00,0.03332,0.034193173
2010-09-23 04:00:00,0.03918,0.043801002
2010-09-23 05:00:00,0.05029,0.047496125
2010-09-23 06:00:00,0.0555499999999999,0.049073983
2010-09-23 07:00:00,0.04796,0.043577127
2010-09-23 08:00:00,0.0485,0.049735874
2010-09-23 09:00:00,0.02985,0.046814434
2010-09-23 10:00:00,0.04735,0.03740864
2010-09-23 11:00:00,0.03631,0.03640806
2010-09-23 12:00:00,0.03579,0.03504309
2010-09-23 13:00:00,0.03743,0.038749155
2010-09-23 14:00:00,0.04438,0.03811556
2010-09-23 15:00:00,0.04234,0.047395967
2010-09-23 16:00:00,0.04528,0.049648777
2010-09-23 17:00:00,0.07984,0.05237087
2010-09-23 18:00:00,0.06113,0.054975413
2010-09-23 19:00:00,0.05743,0.045551784
2010-09-23 20:00:00,0.04201,0.044097845
2010-09-23 21:00:00,0.03093,0.03874665
2010-09-23 22:00:00,0.03005,0.034031995
2010-09-23 23:00:00,0.02795,0.03321266
2010-09-24 00:00:00,0.03468,0.032558788
2010-09-24 01:00:00,0.0367899999999999,0.03287535
2010-09-24 02:00:00,0.02705,0.033246238
2010-09-24 03:00:00,0.03725,0.033860706
2010-09-24 04:00:00,0.05391,0.04391466
2010-09-24 05:00:00,0.05193,0.04791317
2010-09-24 06:00:00,0.05031,0.05089517
2010-09-24 07:00:00,0.03899,0.050253816
2010-09-24 08:00:00,0.03745,0.04535417
2010-09-24 09:00:00,0.03306,0.0418536
2010-09-24 10:00:00,0.04092,0.037206627
2010-09-24 11:00:00,0.03572,0.036242306
2010-09-24 12:00:00,0.03338,0.03475632
2010-09-24 13:00:00,0.03381,0.035417933
2010-09-24 14:00:00,0.0367,0.036282245
2010-09-24 15:00:00,0.0448,0.04415927
2010-09-24 16:00:00,0.0554,0.04829829
2010-09-24 17:00:00,0.05143,0.050956864
2010-09-24 18:00:00,0.05207,0.049763866
2010-09-24 19:00:00,0.04603,0.043997135
2010-09-24 20:00:00,0.034,0.04219941
2010-09-24 21:00:00,0.03604,0.035929427
2010-09-24 22:00:00,0.03201,0.033789262
2010-09-24 23:00:00,0.03108,0.03237282
2010-09-25 00:00:00,0.03433,0.03045852
2010-09-25 01:00:00,0.03195,0.029562587
2010-09-25 02:00:00,0.03126,0.029439209
2010-09-25 03:00:00,0.0330499999999999,0.029706363
2010-09-25 04:00:00,0.02897,0.03267276
2010-09-25 05:00:00,0.04052,0.034473095
2010-09-25 06:00:00,0.0367199999999999,0.0376596
2010-09-25 07:00:00,0.03678,0.039998334
2010-09-25 08:00:00,0.03149,0.033049855
2010-09-25 09:00:00,0.02986,0.032024313
2010-09-25 10:00:00,0.02827,0.031268522
2010-09-25 11:00:00,-0.00156,0.026880773
2010-09-25 12:00:00,0.0289,0.024537025
2010-09-25 13:00:00,0.0324099999999999,0.023590289
2010-09-25 14:00:00,0.03,0.027200306
2010-09-25 15:00:00,0.03548,0.035276122
2010-09-25 16:00:00,0.04405,0.040958628
2010-09-25 17:00:00,0.0440399999999999,0.04667048
2010-09-25 18:00:00,0.04632,0.042450897
2010-09-25 19:00:00,0.04441,0.037601747
2010-09-25 20:00:00,0.03974,0.034038495
2010-09-25 21:00:00,0.03289,0.032308448
2010-09-25 22:00:00,0.03546,0.029164214
2010-09-25 23:00:00,0.03677,0.028147057
2010-09-26 00:00:00,0.01799,0.02722131
2010-09-26 01:00:00,0.03003,0.026005907
2010-09-26 02:00:00,0.02987,0.023264354
2010-09-26 03:00:00,0.01439,0.026095195
2010-09-26 04:00:00,0.01975,0.027234884
2010-09-26 05:00:00,0.0345,0.030686336
2010-09-26 06:00:00,0.026,0.030048186
2010-09-26 07:00:00,0.032,0.028682189
2010-09-26 08:00:00,0.0342,0.026555624
2010-09-26 09:00:00,0.03427,0.025605602
2010-09-26 10:00:00,0.03546,0.025416663
2010-09-26 11:00:00,0.0322,0.022129487
2010-09-26 12:00:00,0.03199,0.019515157
2010-09-26 13:00:00,0.03295,0.025127016
2010-09-26 14:00:00,-0.00047,0.027164515
2010-09-26 15:00:00,0.03831,0.031843834
2010-09-26 16:00:00,0.04647,0.04038958
2010-09-26 17:00:00,0.04097,0.03858462
2010-09-26 18:00:00,0.05191,0.038312443
2010-09-26 19:00:00,0.0479,0.04077074
2010-09-26 20:00:00,0.01392,0.03910246
2010-09-26 21:00:00,0.03435,0.031153822
2010-09-26 22:00:00,0.03522,0.029088326
2010-09-26 23:00:00,0.03257,0.027834933
2010-09-27 00:00:00,0.0273799999999999,0.02835507
2010-09-27 01:00:00,0.03235,0.02920944
2010-09-27 02:00:00,0.03607,0.029981868
2010-09-27 03:00:00,0.02818,0.031300414
2010-09-27 04:00:00,0.05436,0.041648656
2010-09-27 05:00:00,0.05298,0.052583035
2010-09-27 06:00:00,0.06505,0.051659375
2010-09-27 07:00:00,0.07209,0.053128935
2010-09-27 08:00:00,0.04871,0.049398545
2010-09-27 09:00:00,0.04783,0.048060622
2010-09-27 10:00:00,0.0491599999999999,0.044317223
2010-09-27 11:00:00,0.04827,0.044341758
2010-09-27 12:00:00,0.046,0.046643004
2010-09-27 13:00:00,0.04836,0.04553398
2010-09-27 14:00:00,0.04014,0.048310544
2010-09-27 15:00:00,0.04139,0.050474867
2010-09-27 16:00:00,0.06114,0.059058823
2010-09-27 17:00:00,0.06437,0.060601346
2010-09-27 18:00:00,0.05734,0.05819769
2010-09-27 19:00:00,0.04927,0.050324246
2010-09-27 20:00:00,0.04285,0.04557494
2010-09-27 21:00:00,0.03579,0.037214134
2010-09-27 22:00:00,0.03309,0.036469698
2010-09-27 23:00:00,0.04081,0.03386248
2010-09-28 00:00:00,0.0269499999999999,0.033170864
2010-09-28 01:00:00,0.03491,0.033651303
2010-09-28 02:00:00,0.03589,0.033402864
2010-09-28 03:00:00,0.04181,0.03389892
2010-09-28 04:00:00,0.03139,0.042825647
2010-09-28 05:00:00,0.06517,0.04992252
2010-09-28 06:00:00,0.04097,0.05591438
2010-09-28 07:00:00,0.05304,0.054497622
2010-09-28 08:00:00,0.03632,0.052468844
2010-09-28 09:00:00,0.0326,0.051595487
2010-09-28 10:00:00,0.04995,0.03941905
2010-09-28 11:00:00,0.04977,0.044955228
2010-09-28 12:00:00,0.04271,0.045304976
2010-09-28 13:00:00,0.03201,0.041264452
2010-09-28 14:00:00,0.05695,0.039247774
2010-09-28 15:00:00,0.05184,0.046712525
2010-09-28 16:00:00,0.03468,0.05605786
2010-09-28 17:00:00,0.0541899999999999,0.056436013
2010-09-28 18:00:00,0.07,0.055089403
2010-09-28 19:00:00,0.07768,0.042938337
2010-09-28 20:00:00,0.03589,0.04506157
2010-09-28 21:00:00,0.04536,0.03940083
2010-09-28 22:00:00,0.03125,0.03468184
2010-09-28 23:00:00,0.02716,0.035884
2010-09-29 00:00:00,0.0451,0.03232649
2010-09-29 01:00:00,0.03472,0.033113565
2010-09-29 02:00:00,0.0357,0.03286765
2010-09-29 03:00:00,0.04189,0.03748863
2010-09-29 04:00:00,0.05192,0.043471124
2010-09-29 05:00:00,0.0623699999999999,0.05186369
2010-09-29 06:00:00,0.05122,0.054619517
2010-09-29 07:00:00,0.05256,0.05529041
2010-09-29 08:00:00,0.0362899999999999,0.052272763
2010-09-29 09:00:00,0.04892,0.04736604
2010-09-29 10:00:00,0.04493,0.047148287
2010-09-29 11:00:00,0.02907,0.045948494
2010-09-29 12:00:00,0.02868,0.04025951
2010-09-29 13:00:00,0.04346,0.04167505
2010-09-29 14:00:00,0.02965,0.04070312
2010-09-29 15:00:00,0.04338,0.050564878
2010-09-29 16:00:00,0.03734,0.04603764
2010-09-29 17:00:00,0.07243,0.055114526
2010-09-29 18:00:00,0.05317,0.05351703
2010-09-29 19:00:00,0.04839,0.04504895
2010-09-29 20:00:00,0.04337,0.040510103
2010-09-29 21:00:00,0.04394,0.036885813
2010-09-29 22:00:00,0.02788,0.034244806
2010-09-29 23:00:00,0.0311499999999999,0.03303822
2010-09-30 00:00:00,0.03622,0.03390981
2010-09-30 01:00:00,0.03484,0.0329403
2010-09-30 02:00:00,0.03543,0.03329263
2010-09-30 03:00:00,0.03074,0.0355206
2010-09-30 04:00:00,0.0495,0.042849466
2010-09-30 05:00:00,0.0396199999999999,0.04883178
2010-09-30 06:00:00,0.05151,0.05192451
2010-09-30 07:00:00,0.03719,0.050008636
2010-09-30 08:00:00,0.0485,0.045948196
2010-09-30 09:00:00,0.04112,0.04040438
2010-09-30 10:00:00,0.03989,0.04103351
2010-09-30 11:00:00,0.0466,0.036238026
2010-09-30 12:00:00,0.03268,0.036694128
2010-09-30 13:00:00,0.03272,0.036633037
2010-09-30 14:00:00,0.04774,0.039707623
2010-09-30 15:00:00,0.04684,0.046241105
2010-09-30 16:00:00,0.03609,0.049317077
2010-09-30 17:00:00,0.07801,0.056703627
2010-09-30 18:00:00,0.04249,0.05549008
2010-09-30 19:00:00,0.05124,0.052079212
2010-09-30 20:00:00,0.03084,0.042913318
2010-09-30 21:00:00,0.03509,0.037485164
2010-09-30 22:00:00,0.03005,0.033846963
2010-09-30 23:00:00,0.03506,0.0327466
2010-10-01 00:00:00,0.0489099999999999,0.033661544
2010-10-01 01:00:00,0.01257,0.033448525
2010-10-01 02:00:00,0.04828,0.033065274
2010-10-01 03:00:00,0.05418,0.034291234
2010-10-01 04:00:00,0.06362,0.04373374
2010-10-01 05:00:00,0.04758,0.049182367
2010-10-01 06:00:00,0.05006,0.049819663
2010-10-01 07:00:00,0.03742,0.04781697
2010-10-01 08:00:00,0.06952,0.04218772
2010-10-01 09:00:00,0.03976,0.04299856
2010-10-01 10:00:00,0.03396,0.0407742
2010-10-01 11:00:00,0.05046,0.036780335
2010-10-01 12:00:00,0.03478,0.034875333
2010-10-01 13:00:00,0.05332,0.035363942
2010-10-01 14:00:00,0.07063,0.039384026
2010-10-01 15:00:00,0.07499,0.050931428
2010-10-01 16:00:00,0.06994,0.05626963
2010-10-01 17:00:00,0.03909,0.05860264
2010-10-01 18:00:00,0.05668,0.055759322
2010-10-01 19:00:00,0.0248,0.04993688
2010-10-01 20:00:00,0.03035,0.042627994
2010-10-01 21:00:00,0.02999,0.038948245
2010-10-01 22:00:00,0.03055,0.03441888
2010-10-01 23:00:00,0.0565499999999999,0.03256452
2010-10-02 00:00:00,0.05152,0.032561064
2010-10-02 01:00:00,0.0238999999999999,0.03230808
2010-10-02 02:00:00,0.00855,0.032532007
2010-10-02 03:00:00,0.02839,0.032361083
2010-10-02 04:00:00,0.03743,0.033251457
2010-10-02 05:00:00,0.0297,0.03866216
2010-10-02 06:00:00,0.06197,0.036446366
2010-10-02 07:00:00,0.05024,0.036764026
2010-10-02 08:00:00,0.0229,0.03692817
2010-10-02 09:00:00,0.0489,0.035859022
2010-10-02 10:00:00,0.00483,0.032023035
2010-10-02 11:00:00,0.0341,0.030381272
2010-10-02 12:00:00,0.05528,0.031414147
2010-10-02 13:00:00,0.05874,0.03247428
2010-10-02 14:00:00,0.05499,0.039181992
2010-10-02 15:00:00,0.02801,0.04162652
2010-10-02 16:00:00,0.07972,0.05021896
2010-10-02 17:00:00,0.03737,0.0496125
2010-10-02 18:00:00,0.04059,0.046228644
2010-10-02 19:00:00,0.06229,0.038922872
2010-10-02 20:00:00,0.05019,0.037689358
2010-10-02 21:00:00,0.0359,0.034032714
2010-10-02 22:00:00,0.02076,0.032322213
2010-10-02 23:00:00,0.04802,0.032188233
2010-10-03 00:00:00,0.02743,0.030061532
2010-10-03 01:00:00,0.0505,0.029375743
2010-10-03 02:00:00,0.02651,0.029050088
2010-10-03 03:00:00,0.0390499999999999,0.028549721
2010-10-03 04:00:00,0.01728,0.029938916
2010-10-03 05:00:00,0.02586,0.03376378
2010-10-03 06:00:00,0.03174,0.03853458
2010-10-03 07:00:00,0.0458299999999999,0.03556996
2010-10-03 08:00:00,0.05509,0.03725761
2010-10-03 09:00:00,0.024,0.035449225
2010-10-03 10:00:00,0.02073,0.03180721
2010-10-03 11:00:00,0.02075,0.03212294
2010-10-03 12:00:00,0.02803,0.029918913
2010-10-03 13:00:00,0.0327999999999999,0.033047307
2010-10-03 14:00:00,0.05206,0.033568677
2010-10-03 15:00:00,0.03299,0.04010239
2010-10-03 16:00:00,0.07,0.051213507
2010-10-03 17:00:00,0.06809,0.04455571
2010-10-03 18:00:00,0.0471,0.049604576
2010-10-03 19:00:00,0.07147,0.043532167
2010-10-03 20:00:00,0.0599,0.036029607
2010-10-03 21:00:00,0.03406,0.033998508
2010-10-03 22:00:00,0.05559,0.032504044
2010-10-03 23:00:00,0.0264,0.033831548
2010-10-04 00:00:00,0.02425,0.033484392
2010-10-04 01:00:00,0.03975,0.03261515
2010-10-04 02:00:00,0.02764,0.031619295
2010-10-04 03:00:00,0.03023,0.033878256
2010-10-04 04:00:00,0.03606,0.04356346
2010-10-04 05:00:00,0.07732,0.05263396
2010-10-04 06:00:00,0.08242,0.058155663
2010-10-04 07:00:00,0.07956,0.05729522
2010-10-04 08:00:00,0.0565499999999999,0.052644446
2010-10-04 09:00:00,0.05032,0.05431484
2010-10-04 10:00:00,0.04233,0.049832515
2010-10-04 11:00:00,0.0487999999999999,0.04988376
2010-10-04 12:00:00,0.05618,0.04987676
2010-10-04 13:00:00,0.04804,0.0499769
2010-10-04 14:00:00,0.04878,0.052395053
2010-10-04 15:00:00,0.0515,0.053960763
2010-10-04 16:00:00,0.05009,0.06369481
2010-10-04 17:00:00,0.0617599999999999,0.06127599
2010-10-04 18:00:00,0.04893,0.059922267
2010-10-04 19:00:00,0.04564,0.053789757
2010-10-04 20:00:00,0.05801,0.0479329
2010-10-04 21:00:00,0.0425,0.03880169
2010-10-04 22:00:00,0.03655,0.037112996
2010-10-04 23:00:00,0.02885,0.038813487
2010-10-05 00:00:00,0.03094,0.034215555
2010-10-05 01:00:00,0.051,0.03476803
2010-10-05 02:00:00,0.0442899999999999,0.032556344
2010-10-05 03:00:00,0.03517,0.0375019
2010-10-05 04:00:00,0.0577,0.039328653
2010-10-05 05:00:00,0.08698,0.05366991
2010-10-05 06:00:00,0.04489,0.056992248
2010-10-05 07:00:00,0.0431,0.058285136
2010-10-05 08:00:00,0.04849,0.050420456
2010-10-05 09:00:00,0.04199,0.046327226
2010-10-05 10:00:00,0.0479,0.04613576
2010-10-05 11:00:00,0.06936,0.04670864
2010-10-05 12:00:00,0.04399,0.047282312
2010-10-05 13:00:00,0.03498,0.04152325
2010-10-05 14:00:00,0.02677,0.050686043
2010-10-05 15:00:00,0.0832,0.054838076
2010-10-05 16:00:00,0.06,0.055646665
2010-10-05 17:00:00,0.0461199999999999,0.062347967
2010-10-05 18:00:00,0.06075,0.058834758
2010-10-05 19:00:00,0.04597,0.05371892
2010-10-05 20:00:00,0.02622,0.046990745
2010-10-05 21:00:00,0.00603,0.041210607
2010-10-05 22:00:00,0.03481,0.034927912
2010-10-05 23:00:00,0.0001,0.032908317
2010-10-06 00:00:00,0.03686,0.03491072
2010-10-06 01:00:00,0.0540499999999999,0.03449876
2010-10-06 02:00:00,0.029,0.033912014
2010-10-06 03:00:00,0.03492,0.036535226
2010-10-06 04:00:00,0.04861,0.044611383
2010-10-06 05:00:00,0.0523999999999999,0.05122731
2010-10-06 06:00:00,0.05977,0.053598538
2010-10-06 07:00:00,0.05014,0.054318342
2010-10-06 08:00:00,0.04699,0.043683156
2010-10-06 09:00:00,0.05488,0.046192426
2010-10-06 10:00:00,0.05975,0.043013595
2010-10-06 11:00:00,0.04255,0.042573318
2010-10-06 12:00:00,0.06001,0.03931509
2010-10-06 13:00:00,0.0616499999999999,0.04078453
2010-10-06 14:00:00,0.03517,0.039887708
2010-10-06 15:00:00,0.06624,0.05590471
2010-10-06 16:00:00,0.0751599999999999,0.05027918
2010-10-06 17:00:00,0.0516099999999999,0.059192978
2010-10-06 18:00:00,0.06455,0.056845896
2010-10-06 19:00:00,0.05359,0.049183555
2010-10-06 20:00:00,0.04674,0.04617585
2010-10-06 21:00:00,0.0422,0.03899205
2010-10-06 22:00:00,0.03359,0.03632313
2010-10-06 23:00:00,0.04086,0.03395358
2010-10-07 00:00:00,0.0266,0.035944186
2010-10-07 01:00:00,0.01826,0.037769075
2010-10-07 02:00:00,0.0489,0.03560947
2010-10-07 03:00:00,0.03129,0.036024436
2010-10-07 04:00:00,0.06106,0.04604335
2010-10-07 05:00:00,0.05213,0.053653818
2010-10-07 06:00:00,0.07152,0.058323354
2010-10-07 07:00:00,0.05403,0.048855733
2010-10-07 08:00:00,0.04921,0.05328631
2010-10-07 09:00:00,0.04693,0.052311502
2010-10-07 10:00:00,0.02523,0.04930231
2010-10-07 11:00:00,0.05449,0.0489742
2010-10-07 12:00:00,0.0544,0.045496773
2010-10-07 13:00:00,0.05995,0.04345239
2010-10-07 14:00:00,0.04775,0.04589204
2010-10-07 15:00:00,0.03695,0.05732214
2010-10-07 16:00:00,0.08015,0.054322656
2010-10-07 17:00:00,0.08386,0.061611515
2010-10-07 18:00:00,0.08067,0.05636225
2010-10-07 19:00:00,0.05862,0.052491777
2010-10-07 20:00:00,0.03021,0.043789547
2010-10-07 21:00:00,0.02523,0.039068487
2010-10-07 22:00:00,0.04781,0.037028745
2010-10-07 23:00:00,0.05116,0.036836132
2010-10-08 00:00:00,0.05061,0.0384017
2010-10-08 01:00:00,0.0479,0.037429206
2010-10-08 02:00:00,0.04828,0.039915264
2010-10-08 03:00:00,0.0335,0.04070513
2010-10-08 04:00:00,0.02604,0.048111722
2010-10-08 05:00:00,0.0479,0.05085833
2010-10-08 06:00:00,0.08409,0.05654691
2010-10-08 07:00:00,0.08428,0.050279286
2010-10-08 08:00:00,0.04179,0.055186387
2010-10-08 09:00:00,0.0751899999999999,0.050793923
2010-10-08 10:00:00,0.02359,0.042159397
2010-10-08 11:00:00,0.02293,0.048796598
2010-10-08 12:00:00,0.03478,0.04729485
2010-10-08 13:00:00,0.06092,0.050839905
2010-10-08 14:00:00,0.04949,0.05014682
2010-10-08 15:00:00,0.0673199999999999,0.05637031
2010-10-08 16:00:00,0.03961,0.06188572
2010-10-08 17:00:00,0.0829599999999999,0.056197677
2010-10-08 18:00:00,0.03119,0.056533556
2010-10-08 19:00:00,0.0535799999999999,0.04664023
2010-10-08 20:00:00,0.04379,0.04384203
2010-10-08 21:00:00,0.0547,0.040046196
2010-10-08 22:00:00,0.00047,0.036711257
2010-10-08 23:00:00,0.02552,0.04219965
2010-10-09 00:00:00,-0.00491,0.038150135
2010-10-09 01:00:00,0.05128,0.030197807
2010-10-09 02:00:00,0.05,0.029777884
2010-10-09 03:00:00,0.02839,0.030888999
2010-10-09 04:00:00,0.0194699999999999,0.032781363
2010-10-09 05:00:00,0.02444,0.03548553
2010-10-09 06:00:00,0.06197,0.04923415
2010-10-09 07:00:00,0.02296,0.044746436
2010-10-09 08:00:00,0.03996,0.035923112
2010-10-09 09:00:00,0.04405,0.042820692
2010-10-09 10:00:00,0.058,0.029809458
2010-10-09 11:00:00,0.05086,0.031210743
2010-10-09 12:00:00,0.0502,0.038676444
2010-10-09 13:00:00,0.02464,0.03927362
2010-10-09 14:00:00,0.05481,0.039788708
2010-10-09 15:00:00,0.05993,0.038387097
2010-10-09 16:00:00,0.06454,0.056194447
2010-10-09 17:00:00,0.07995,0.049128197
2010-10-09 18:00:00,0.0706,0.048101258
2010-10-09 19:00:00,0.03315,0.046447895
2010-10-09 20:00:00,0.02472,0.040021848
2010-10-09 21:00:00,0.03318,0.03526267
2010-10-09 22:00:00,0.03422,0.0314615
2010-10-09 23:00:00,0.04711,0.033738
2010-10-10 00:00:00,0.04162,0.0318775
2010-10-10 01:00:00,0.01952,0.034198627
2010-10-10 02:00:00,0.0001199999999999,0.031478535
2010-10-10 03:00:00,0.02708,0.03244872
2010-10-10 04:00:00,0.02703,0.028576287
2010-10-10 05:00:00,0.05603,0.03258869
2010-10-10 06:00:00,0.02769,0.040787652
2010-10-10 07:00:00,0.02671,0.04258188
2010-10-10 08:00:00,0.04797,0.044442754
2010-10-10 09:00:00,0.03832,0.03804108
2010-10-10 10:00:00,0.0468699999999999,0.032716155
2010-10-10 11:00:00,0.02844,0.030845586
2010-10-10 12:00:00,0.04751,0.03204894
2010-10-10 13:00:00,0.01954,0.03259874
2010-10-10 14:00:00,0.0455799999999999,0.04068098
2010-10-10 15:00:00,0.0554799999999999,0.042402834
2010-10-10 16:00:00,0.03,0.054423768
2010-10-10 17:00:00,0.08094,0.058622476
2010-10-10 18:00:00,0.0224499999999999,0.050304893
2010-10-10 19:00:00,0.045,0.045368504
2010-10-10 20:00:00,0.0599,0.040369246
2010-10-10 21:00:00,0.03406,0.036026746
2010-10-10 22:00:00,-0.00825,0.03480732
2010-10-10 23:00:00,0.0264,0.031103205
2010-10-11 00:00:00,0.02905,0.030642485
2010-10-11 01:00:00,0.02579,0.03216922
2010-10-11 02:00:00,0.0257,0.029717505
2010-10-11 03:00:00,0.02793,0.033005197
2010-10-11 04:00:00,0.0309699999999999,0.038595106
2010-10-11 05:00:00,0.05193,0.052500457
2010-10-11 06:00:00,0.07905,0.056624603
2010-10-11 07:00:00,0.0496,0.0540753
2010-10-11 08:00:00,0.05032,0.055547353
2010-10-11 09:00:00,0.05289,0.052810878
2010-10-11 10:00:00,0.04557,0.04862078
2010-10-11 11:00:00,0.043,0.05039521
2010-10-11 12:00:00,0.0539399999999999,0.05186857
2010-10-11 13:00:00,0.04771,0.046675097
2010-10-11 14:00:00,0.05337,0.048932318
2010-10-11 15:00:00,0.049,0.05665154
2010-10-11 16:00:00,0.05802,0.06026433
2010-10-11 17:00:00,0.075,0.068565324
2010-10-11 18:00:00,0.06902,0.05847821
2010-10-11 19:00:00,0.04564,0.049418658
2010-10-11 20:00:00,0.05801,0.04784948
2010-10-11 21:00:00,0.03724,0.040472228
2010-10-11 22:00:00,0.03064,0.035662055
2010-10-11 23:00:00,0.05355,0.03550602
2010-10-12 00:00:00,0.02009,0.03418811
2010-10-12 01:00:00,0.05235,0.036037024
2010-10-12 02:00:00,0.0442899999999999,0.035053495
2010-10-12 03:00:00,0.02999,0.034819778
2010-10-12 04:00:00,0.036,0.041497417
2010-10-12 05:00:00,0.08698,0.05276152
2010-10-12 06:00:00,0.09501,0.055755753
2010-10-12 07:00:00,0.04304,0.054097407
2010-10-12 08:00:00,0.04686,0.054435056
2010-10-12 09:00:00,0.0647,0.052448463
2010-10-12 10:00:00,0.03754,0.047663637
2010-10-12 11:00:00,0.06936,0.049526144
2010-10-12 12:00:00,0.05564,0.04847439
2010-10-12 13:00:00,0.04278,0.041721106
2010-10-12 14:00:00,0.04796,0.045220003
2010-10-12 15:00:00,0.0486,0.057708826
2010-10-12 16:00:00,0.04444,0.059534922
2010-10-12 17:00:00,0.10512,0.06054789
2010-10-12 18:00:00,0.04491,0.058526423
2010-10-12 19:00:00,0.04597,0.051128667
2010-10-12 20:00:00,0.04506,0.04847868
2010-10-12 21:00:00,0.0565,0.03864361
2010-10-12 22:00:00,0.0386199999999999,0.037203394
2010-10-12 23:00:00,0.0001,0.030650096
2010-10-13 00:00:00,0.03686,0.03426107
2010-10-13 01:00:00,0.0283999999999999,0.039251287
2010-10-13 02:00:00,0.05464,0.035101417
2010-10-13 03:00:00,0.05575,0.035152633
2010-10-13 04:00:00,0.04257,0.040904846
2010-10-13 05:00:00,0.04667,0.05278335
2010-10-13 06:00:00,0.05263,0.05989316
2010-10-13 07:00:00,0.0876,0.055530295
2010-10-13 08:00:00,0.0543699999999999,0.05461244
2010-10-13 09:00:00,0.0736899999999999,0.056659497
2010-10-13 10:00:00,0.04448,0.051104084
2010-10-13 11:00:00,0.04255,0.0493897
2010-10-13 12:00:00,0.05585,0.052569214
2010-10-13 13:00:00,0.00575,0.05137477
2010-10-13 14:00:00,0.0458699999999999,0.045344483
2010-10-13 15:00:00,0.05617,0.058212228
2010-10-13 16:00:00,0.0751599999999999,0.061842363
2010-10-13 17:00:00,0.07288,0.06377864
2010-10-13 18:00:00,0.08614,0.059440292
2010-10-13 19:00:00,0.0511799999999999,0.051382273
2010-10-13 20:00:00,0.0342,0.04719378
2010-10-13 21:00:00,0.0318,0.04145042
2010-10-13 22:00:00,0.04193,0.037546936
2010-10-13 23:00:00,0.02273,0.037943237
2010-10-14 00:00:00,0.02161,0.035388157
2010-10-14 01:00:00,0.04688,0.036932018
2010-10-14 02:00:00,0.0255899999999999,0.040526673
2010-10-14 03:00:00,0.03289,0.03571656
2010-10-14 04:00:00,0.0395499999999999,0.0446207
2010-10-14 05:00:00,0.0489799999999999,0.054249927
2010-10-14 06:00:00,0.04668,0.058297534
2010-10-14 07:00:00,0.08209,0.058497127
2010-10-14 08:00:00,0.07459,0.05570718
2010-10-14 09:00:00,0.04761,0.056114648
2010-10-14 10:00:00,0.04293,0.046006516
2010-10-14 11:00:00,0.04052,0.053605378
2010-10-14 12:00:00,0.04291,0.053025886
2010-10-14 13:00:00,0.04501,0.050639685
2010-10-14 14:00:00,0.06506,0.050940607
2010-10-14 15:00:00,0.052,0.052659128
2010-10-14 16:00:00,0.04355,0.061557643
2010-10-14 17:00:00,0.06396,0.062394693
2010-10-14 18:00:00,0.04178,0.05884536
2010-10-14 19:00:00,0.0722199999999999,0.050657406
2010-10-14 20:00:00,0.0520399999999999,0.04405713
2010-10-14 21:00:00,0.03511,0.040002428
2010-10-14 22:00:00,0.02592,0.040383138
2010-10-14 23:00:00,0.02527,0.03783891
2010-10-15 00:00:00,0.04825,0.03437928
2010-10-15 01:00:00,0.0329,0.03750297
2010-10-15 02:00:00,0.0458,0.03539584
2010-10-15 03:00:00,0.0335,0.03591625
2010-10-15 04:00:00,0.05665,0.040764134
2010-10-15 05:00:00,0.04758,0.049789988
2010-10-15 06:00:00,0.05146,0.056614924
2010-10-15 07:00:00,0.0745,0.056834683
2010-10-15 08:00:00,0.04449,0.054313652
2010-10-15 09:00:00,0.0386899999999999,0.054826643
2010-10-15 10:00:00,0.0572,0.044487968
2010-10-15 11:00:00,0.05046,0.041013602
2010-10-15 12:00:00,0.04824,0.043256953
2010-10-15 13:00:00,0.03533,0.048341546
2010-10-15 14:00:00,0.0549799999999999,0.050029136
2010-10-15 15:00:00,0.04383,0.056709073
2010-10-15 16:00:00,0.03365,0.05633677
2010-10-15 17:00:00,0.04824,0.06024156
2010-10-15 18:00:00,0.07948,0.05345283
2010-10-15 19:00:00,0.03321,0.04817832
2010-10-15 20:00:00,0.04379,0.043714497
2010-10-15 21:00:00,0.05538,0.041529637
2010-10-15 22:00:00,0.06475,0.03273577
2010-10-15 23:00:00,0.01884,0.034735125
2010-10-16 00:00:00,0.02514,0.028413039
2010-10-16 01:00:00,0.02786,0.033343546
2010-10-16 02:00:00,0.0058,0.03433143
2010-10-16 03:00:00,0.02839,0.03166506
2010-10-16 04:00:00,0.0293,0.032088343
2010-10-16 05:00:00,0.0465099999999999,0.03383496
2010-10-16 06:00:00,0.0629,0.044695884
2010-10-16 07:00:00,0.02592,0.039263885
2010-10-16 08:00:00,0.0507,0.04397437
2010-10-16 09:00:00,0.0202399999999999,0.039462056
2010-10-16 10:00:00,0.05086,0.039268766
2010-10-16 11:00:00,0.03651,0.036634225
2010-10-16 12:00:00,0.03524,0.036863804
2010-10-16 13:00:00,0.01973,0.03194494
2010-10-16 14:00:00,0.05481,0.04120741
2010-10-16 15:00:00,0.04359,0.04486143
2010-10-16 16:00:00,0.06454,0.049278047
2010-10-16 17:00:00,0.0479,0.055982858
2010-10-16 18:00:00,0.04975,0.055332243
2010-10-16 19:00:00,0.02317,0.038666904
2010-10-16 20:00:00,0.06001,0.03731531
2010-10-16 21:00:00,0.02029,0.03538781
2010-10-16 22:00:00,0.03144,0.033628542
2010-10-16 23:00:00,0.02144,0.031150652
2010-10-17 00:00:00,0.04807,0.030630782
2010-10-17 01:00:00,0.0505,0.026717713
2010-10-17 02:00:00,0.02072,0.025491204
2010-10-17 03:00:00,0.02079,0.030139355
2010-10-17 04:00:00,0.02582,0.030437056
2010-10-17 05:00:00,0.02994,0.038920783
2010-10-17 06:00:00,0.0427,0.036364548
2010-10-17 07:00:00,0.06103,0.036304686
2010-10-17 08:00:00,0.02694,0.03959541
2010-10-17 09:00:00,0.024,0.035268202
2010-10-17 10:00:00,0.0378999999999999,0.03782063
2010-10-17 11:00:00,0.0301999999999999,0.03367689
2010-10-17 12:00:00,0.04264,0.03442594
2010-10-17 13:00:00,0.01002,0.029471742
2010-10-17 14:00:00,0.0311,0.037730336
2010-10-17 15:00:00,0.0363,0.041961055
2010-10-17 16:00:00,0.05656,0.040058263
2010-10-17 17:00:00,0.0479399999999999,0.054437935
2010-10-17 18:00:00,0.04132,0.044787306
2010-10-17 19:00:00,0.01739,0.042008575
2010-10-17 20:00:00,0.03809,0.04040947
2010-10-17 21:00:00,0.02985,0.03193212
2010-10-17 22:00:00,0.05559,0.0275069
2010-10-17 23:00:00,0.02707,0.028826728
2010-10-18 00:00:00,0.02425,0.03215158
2010-10-18 01:00:00,0.03006,0.030203443
2010-10-18 02:00:00,0.0270599999999999,0.029711349
2010-10-18 03:00:00,0.0516099999999999,0.030351674
2010-10-18 04:00:00,0.03083,0.03759811
2010-10-18 05:00:00,0.07518,0.051111605
2010-10-18 06:00:00,0.07639,0.05661932
2010-10-18 07:00:00,0.05651,0.052478377
2010-10-18 08:00:00,0.04401,0.051389895
2010-10-18 09:00:00,0.04306,0.051134102
2010-10-18 10:00:00,0.04525,0.04893571
2010-10-18 11:00:00,0.04982,0.048059426
2010-10-18 12:00:00,0.04328,0.048837274
2010-10-18 13:00:00,0.04883,0.04577443
2010-10-18 14:00:00,0.05003,0.05150989
2010-10-18 15:00:00,0.05411,0.0544786
2010-10-18 16:00:00,0.05802,0.062147092
2010-10-18 17:00:00,0.05279,0.06105778
2010-10-18 18:00:00,0.04893,0.059520714
2010-10-18 19:00:00,0.04346,0.049052402
2010-10-18 20:00:00,0.03918,0.048100203
2010-10-18 21:00:00,0.04286,0.040560145
2010-10-18 22:00:00,0.03979,0.035013482
2010-10-18 23:00:00,0.02793,0.037300307
2010-10-19 00:00:00,0.025,0.03129615
2010-10-19 01:00:00,0.02427,0.03509126
2010-10-19 02:00:00,0.0442899999999999,0.03220685
2010-10-19 03:00:00,0.03517,0.033632286
2010-10-19 04:00:00,0.04747,0.03818485
2010-10-19 05:00:00,0.04326,0.050793346
2010-10-19 06:00:00,0.09668,0.05657928
2010-10-19 07:00:00,0.08602,0.05655303
2010-10-19 08:00:00,0.0550099999999999,0.053553514
2010-10-19 09:00:00,0.0387299999999999,0.05518438
2010-10-19 10:00:00,0.03754,0.04595789
2010-10-19 11:00:00,0.02995,0.052685577
2010-10-19 12:00:00,0.03949,0.05284204
2010-10-19 13:00:00,0.03938,0.048646417
2010-10-19 14:00:00,0.06897,0.04991584
2010-10-19 15:00:00,0.0486,0.05501212
2010-10-19 16:00:00,0.0501599999999999,0.059912544
2010-10-19 17:00:00,0.03995,0.062410146
2010-10-19 18:00:00,0.03213,0.054710403
2010-10-19 19:00:00,0.04597,0.047012858
2010-10-19 20:00:00,0.0285,0.044806883
2010-10-19 21:00:00,0.0293,0.041393973
2010-10-19 22:00:00,0.02419,0.03623873
2010-10-19 23:00:00,0.05233,0.028511679
2010-10-20 00:00:00,0.01661,0.03331985
2010-10-20 01:00:00,0.03203,0.03304695
2010-10-20 02:00:00,0.05152,0.03663837
2010-10-20 03:00:00,0.05546,0.039173245
2010-10-20 04:00:00,0.04861,0.040979348
2010-10-20 05:00:00,0.04667,0.051642857
2010-10-20 06:00:00,0.04494,0.059761338
2010-10-20 07:00:00,0.0576,0.054180685
2010-10-20 08:00:00,0.05411,0.051160995
2010-10-20 09:00:00,0.04292,0.04787455
2010-10-20 10:00:00,0.04448,0.04189774
2010-10-20 11:00:00,0.0452199999999999,0.040968113
2010-10-20 12:00:00,0.03617,0.0443072
2010-10-20 13:00:00,0.05368,0.036282167
2010-10-20 14:00:00,0.0647,0.045096237
2010-10-20 15:00:00,0.04049,0.051591955
2010-10-20 16:00:00,0.06323,0.058049984
2010-10-20 17:00:00,0.04995,0.0578608
2010-10-20 18:00:00,0.06,0.054073848
2010-10-20 19:00:00,0.0511799999999999,0.04902042
2010-10-20 20:00:00,0.04461,0.043091923
2010-10-20 21:00:00,0.04872,0.0397601
2010-10-20 22:00:00,0.03501,0.037878204
2010-10-20 23:00:00,0.0281,0.033614166
2010-10-21 00:00:00,0.0266,0.03421478
2010-10-21 01:00:00,0.03394,0.03583709
2010-10-21 02:00:00,0.0255899999999999,0.035649024
2010-10-21 03:00:00,0.0222,0.03449519
2010-10-21 04:00:00,0.04998,0.04327121
2010-10-21 05:00:00,0.05213,0.04918403
2010-10-21 06:00:00,0.04668,0.056400955
2010-10-21 07:00:00,0.044,0.05792675
2010-10-21 08:00:00,0.04521,0.05558491
2010-10-21 09:00:00,0.04671,0.047223084
2010-10-21 10:00:00,0.0401,0.047165554
2010-10-21 11:00:00,0.03782,0.0423889
2010-10-21 12:00:00,0.04925,0.04154249
2010-10-21 13:00:00,0.0452,0.04692489
2010-10-21 14:00:00,0.0404,0.046724908
2010-10-21 15:00:00,0.07723,0.049656864
2010-10-21 16:00:00,0.05601,0.05676803
2010-10-21 17:00:00,0.08386,0.056676667
2010-10-21 18:00:00,0.05441,0.05412949
2010-10-21 19:00:00,0.04793,0.05124684
2010-10-21 20:00:00,0.05909,0.04428886
2010-10-21 21:00:00,0.02523,0.039181974
2010-10-21 22:00:00,0.03749,0.036202855
2010-10-21 23:00:00,0.03105,0.03587691
2010-10-22 00:00:00,0.0489099999999999,0.033633996
2010-10-22 01:00:00,0.04996,0.03384811
2010-10-22 02:00:00,0.03259,0.035564676
2010-10-22 03:00:00,0.05418,0.036270175
2010-10-22 04:00:00,0.0382,0.043119676
2010-10-22 05:00:00,0.0386899999999999,0.04947118
2010-10-22 06:00:00,0.0797399999999999,0.05374689
2010-10-22 07:00:00,0.0745,0.055121318
2010-10-22 08:00:00,0.06952,0.051268097
2010-10-22 09:00:00,0.03041,0.04653773
2010-10-22 10:00:00,0.0494099999999999,0.04810261
2010-10-22 11:00:00,0.05046,0.0451138
2010-10-22 12:00:00,0.04535,0.04567084
2010-10-22 13:00:00,0.04917,0.042867035
2010-10-22 14:00:00,0.07063,0.050279837
2010-10-22 15:00:00,0.07499,0.054929275
2010-10-22 16:00:00,0.07866,0.05705902
2010-10-22 17:00:00,0.03492,0.058491483
2010-10-22 18:00:00,0.03119,0.0579252
2010-10-22 19:00:00,0.0535799999999999,0.04626454
2010-10-22 20:00:00,0.05,0.04739691
2010-10-22 21:00:00,0.03996,0.044324677
2010-10-22 22:00:00,0.00047,0.042810343
2010-10-22 23:00:00,0.03217,0.03489237
2010-10-23 00:00:00,0.02928,0.03536372
2010-10-23 01:00:00,0.051,0.034919877
2010-10-23 02:00:00,0.02439,0.031967815
2010-10-23 03:00:00,0.02509,0.034043655
2010-10-23 04:00:00,0.0293,0.03458172
2010-10-23 05:00:00,0.0297,0.0377261
2010-10-23 06:00:00,0.0234699999999999,0.04914772
2010-10-23 07:00:00,0.02592,0.04026208
2010-10-23 08:00:00,0.03996,0.040242422
2010-10-23 09:00:00,0.0377,0.035080805
2010-10-23 10:00:00,0.03718,0.036409464
2010-10-23 11:00:00,0.05086,0.034800313
2010-10-23 12:00:00,0.05528,0.03527178
2010-10-23 13:00:00,0.03742,0.03332995
2010-10-23 14:00:00,0.05896,0.041482504
2010-10-23 15:00:00,0.06046,0.04618807
2010-10-23 16:00:00,0.07972,0.053834062
2010-10-23 17:00:00,0.03737,0.048862483
2010-10-23 18:00:00,0.06116,0.04444221
2010-10-23 19:00:00,0.03315,0.039183926
2010-10-23 20:00:00,0.05019,0.03804818
2010-10-23 21:00:00,0.01238,0.03557758
2010-10-23 22:00:00,0.02076,0.03194417
2010-10-23 23:00:00,0.02601,0.028076481
2010-10-24 00:00:00,0.02405,0.030908829
2010-10-24 01:00:00,-0.00997,0.03188849
2010-10-24 02:00:00,0.02072,0.026946569
2010-10-24 03:00:00,0.0055,0.02703777
2010-10-24 04:00:00,0.01728,0.028251374
2010-10-24 05:00:00,0.05603,0.027851628
2010-10-24 06:00:00,0.02822,0.039171264
2010-10-24 07:00:00,0.03283,0.03944909
2010-10-24 08:00:00,0.05509,0.03569236
2010-10-24 09:00:00,0.03587,0.033320777
2010-10-24 10:00:00,0.02308,0.03361842
2010-10-24 11:00:00,0.02075,0.032667115
2010-10-24 12:00:00,0.04751,0.033237837
2010-10-24 13:00:00,0.029,0.025622334
2010-10-24 14:00:00,0.0311,0.033998135
2010-10-24 15:00:00,0.0554799999999999,0.03807538
2010-10-24 16:00:00,0.04444,0.05119055
2010-10-24 17:00:00,0.05106,0.044889245
2010-10-24 18:00:00,0.0471,0.045163188
2010-10-24 19:00:00,0.07147,0.03622169
2010-10-24 20:00:00,0.03536,0.038247295
2010-10-24 21:00:00,0.04808,0.032407522
2010-10-24 22:00:00,0.02582,0.03262483
2010-10-24 23:00:00,0.00317,0.028694198
2010-10-25 00:00:00,0.027,0.028583301
2010-10-25 01:00:00,0.04738,0.030321527
2010-10-25 02:00:00,0.0257,0.032296002
2010-10-25 03:00:00,0.02532,0.036385603
2010-10-25 04:00:00,0.06279,0.03858916
2010-10-25 05:00:00,0.05193,0.05240658
2010-10-25 06:00:00,0.04847,0.057246424
2010-10-25 07:00:00,0.06256,0.055391993
2010-10-25 08:00:00,0.0530799999999999,0.05370028
2010-10-25 09:00:00,0.05175,0.05150915
2010-10-25 10:00:00,0.04852,0.047896933
2010-10-25 11:00:00,0.043,0.05058444
2010-10-25 12:00:00,0.04328,0.049267303
2010-10-25 13:00:00,0.04883,0.04803978
2010-10-25 14:00:00,0.04686,0.050732814
2010-10-25 15:00:00,0.0688199999999999,0.058537755
2010-10-25 16:00:00,0.06123,0.0615908
2010-10-25 17:00:00,0.06362,0.058679305
2010-10-25 18:00:00,0.06583,0.05728088
2010-10-25 19:00:00,0.0535799999999999,0.0510013
2010-10-25 20:00:00,0.04075,0.04591544
2010-10-25 21:00:00,0.02844,0.042762343
2010-10-25 22:00:00,0.026,0.03852386
2010-10-25 23:00:00,0.0260199999999999,0.03476939
2010-10-26 00:00:00,0.04406,0.033425137
2010-10-26 01:00:00,0.05235,0.034115005
2010-10-26 02:00:00,0.025,0.034741633
2010-10-26 03:00:00,0.0245,0.034851495
2010-10-26 04:00:00,0.03052,0.042135056
2010-10-26 05:00:00,0.03368,0.050225273
2010-10-26 06:00:00,0.09501,0.052959148
2010-10-26 07:00:00,0.0431,0.056497056
2010-10-26 08:00:00,0.0401599999999999,0.055722218
2010-10-26 09:00:00,0.04492,0.04632281
2010-10-26 10:00:00,0.05431,0.04448779
2010-10-26 11:00:00,0.03878,0.042710878
2010-10-26 12:00:00,0.04399,0.047873765
2010-10-26 13:00:00,0.03938,0.046811942
2010-10-26 14:00:00,0.04624,0.05027481
2010-10-26 15:00:00,0.0486,0.05477419
2010-10-26 16:00:00,0.04636,0.05613917
2010-10-26 17:00:00,0.06618,0.053470943
2010-10-26 18:00:00,0.05292,0.04865972
2010-10-26 19:00:00,0.08051,0.04990805
2010-10-26 20:00:00,0.03202,0.041947704
2010-10-26 21:00:00,0.0242399999999999,0.03730016
2010-10-26 22:00:00,0.00407,0.033842452
2010-10-26 23:00:00,0.02064,0.03515383
2010-10-27 00:00:00,0.03136,0.032364774
2010-10-27 01:00:00,0.01722,0.034275167
2010-10-27 02:00:00,0.01005,0.034373254
2010-10-27 03:00:00,0.05546,0.0350208
2010-10-27 04:00:00,0.02578,0.04077593
2010-10-27 05:00:00,0.04997,0.0456818
2010-10-27 06:00:00,0.08999,0.0511186
2010-10-27 07:00:00,0.04482,0.051798347
2010-10-27 08:00:00,0.04262,0.04997816
2010-10-27 09:00:00,0.05039,0.046609163
2010-10-27 10:00:00,0.04448,0.044022318
2010-10-27 11:00:00,0.05785,0.041874774
2010-10-27 12:00:00,0.05199,0.039496556
2010-10-27 13:00:00,0.03525,0.04472295
2010-10-27 14:00:00,0.07994,0.04634713
2010-10-27 15:00:00,0.06624,0.055343274
2010-10-27 16:00:00,0.07068,0.059054848
2010-10-27 17:00:00,0.04995,0.059829295
2010-10-27 18:00:00,0.05371,0.05772326
2010-10-27 19:00:00,0.0571599999999999,0.049705926
2010-10-27 20:00:00,0.04442,0.041941434
2010-10-27 21:00:00,0.04872,0.03867925
2010-10-27 22:00:00,0.0276499999999999,0.034705475
2010-10-27 23:00:00,0.02273,0.033818927
2010-10-28 00:00:00,0.0253,0.03449585
2010-10-28 01:00:00,0.03005,0.035623696
2010-10-28 02:00:00,0.04753,0.034894187
2010-10-28 03:00:00,0.05088,0.034312595
2010-10-28 04:00:00,0.03473,0.04108595
2010-10-28 05:00:00,0.05213,0.05006792
2010-10-28 06:00:00,0.05411,0.05869684
2010-10-28 07:00:00,0.05411,0.053270698
2010-10-28 08:00:00,0.04729,0.053394258
2010-10-28 09:00:00,0.07534,0.05282429
2010-10-28 10:00:00,0.05528,0.050464507
2010-10-28 11:00:00,0.04052,0.047164537
2010-10-28 12:00:00,0.04291,0.04958786
2010-10-28 13:00:00,0.03686,0.04652655
2010-10-28 14:00:00,0.0669599999999999,0.050613295
2010-10-28 15:00:00,0.052,0.05964029
2010-10-28 16:00:00,0.04355,0.061136637
2010-10-28 17:00:00,0.08386,0.06115272
2010-10-28 18:00:00,0.03575,0.05922007
2010-10-28 19:00:00,0.029,0.05372255
2010-10-28 20:00:00,0.03021,0.045767624
2010-10-28 21:00:00,0.02523,0.038823098
2010-10-28 22:00:00,0.04957,0.03447028
2010-10-28 23:00:00,0.02234,0.0337997
2010-10-29 00:00:00,0.0489099999999999,0.036816984
2010-10-29 01:00:00,0.04996,0.0353235
2010-10-29 02:00:00,0.0301099999999999,0.033476166
2010-10-29 03:00:00,0.02822,0.04083195
2010-10-29 04:00:00,0.06865,0.038505558
2010-10-29 05:00:00,0.0809599999999999,0.04705218
2010-10-29 06:00:00,0.08228,0.05761833
2010-10-29 07:00:00,0.06971,0.056306522
2010-10-29 08:00:00,0.04871,0.05452217
2010-10-29 09:00:00,0.06909,0.049258225
2010-10-29 10:00:00,0.04664,0.048156653
2010-10-29 11:00:00,0.04778,0.04750515
2010-10-29 12:00:00,0.02177,0.04728582
2010-10-29 13:00:00,0.0221099999999999,0.04525768
2010-10-29 14:00:00,0.03692,0.053353604
2010-10-29 15:00:00,0.0303799999999999,0.057456613
2010-10-29 16:00:00,0.03365,0.060431343
2010-10-29 17:00:00,0.07908,0.050617926
2010-10-29 18:00:00,0.05668,0.046563458
2010-10-29 19:00:00,0.04995,0.047850687
2010-10-29 20:00:00,0.03035,0.042849593
2010-10-29 21:00:00,0.03996,0.039111074
2010-10-29 22:00:00,0.00047,0.033474233
2010-10-29 23:00:00,0.03217,0.033741716
2010-10-30 00:00:00,0.05152,0.033519614
2010-10-30 01:00:00,0.01578,0.034636438
2010-10-30 02:00:00,0.0058,0.030524932
2010-10-30 03:00:00,0.04391,0.030875705
2010-10-30 04:00:00,0.05303,0.03279452
2010-10-30 05:00:00,0.02461,0.0363338
2010-10-30 06:00:00,0.06197,0.03818352
2010-10-30 07:00:00,0.07072,0.037644405
2010-10-30 08:00:00,0.03996,0.040904548
2010-10-30 09:00:00,0.05906,0.039762307
2010-10-30 10:00:00,0.0373999999999999,0.03541092
2010-10-30 11:00:00,0.00137,0.03546475
2010-10-30 12:00:00,0.0502,0.03562064
2010-10-30 13:00:00,0.03307,0.030361364
2010-10-30 14:00:00,0.03805,0.041490663
2010-10-30 15:00:00,0.06124,0.043584175
2010-10-30 16:00:00,0.0757999999999999,0.050789077
2010-10-30 17:00:00,0.07625,0.049810022
2010-10-30 18:00:00,0.04975,0.050629687
2010-10-30 19:00:00,0.02317,0.03818395
2010-10-30 20:00:00,0.06001,0.038276143
2010-10-30 21:00:00,0.0359,0.03623773
2010-10-30 22:00:00,0.03144,0.03214458
2010-10-30 23:00:00,0.04711,0.03288803
2010-10-31 00:00:00,-0.02997,0.033075236
2010-10-31 01:00:00,-0.00997,0.025339022
2010-10-31 02:00:00,0.0425,0.028347805
2010-10-31 03:00:00,0.0505,0.029040506
2010-10-31 04:00:00,0.02703,0.032920886
2010-10-31 05:00:00,0.02994,0.039592676
2010-10-31 06:00:00,0.02769,0.039711516
2010-10-31 07:00:00,0.02885,0.03977414
2010-10-31 08:00:00,0.06094,0.040231902
2010-10-31 09:00:00,0.06079,0.037112042
2010-10-31 10:00:00,0.05163,0.032939676
2010-10-31 11:00:00,0.0121199999999999,0.030296775
2010-10-31 12:00:00,0.01392,0.038014457
2010-10-31 13:00:00,0.029,0.032420814
2010-10-31 14:00:00,0.05021,0.03402964
2010-10-31 15:00:00,0.04282,0.044731826
2010-10-31 16:00:00,0.04758,0.051724352
2010-10-31 17:00:00,0.0479399999999999,0.056844197
2010-10-31 18:00:00,0.0471,0.0468202
2010-10-31 19:00:00,0.01739,0.04574464
2010-10-31 20:00:00,0.03406,0.036645103
2010-10-31 21:00:00,0.027,0.036637105
2010-10-31 22:00:00,0.02582,0.029880337
2010-10-31 23:00:00,0.0264,0.028590962
2010-11-01 00:00:00,0.0479099999999999,0.030995699
2010-11-01 01:00:00,0.0383299999999999,0.030448731
2010-11-01 02:00:00,0.0392,0.03334255
2010-11-01 03:00:00,0.02285,0.034968477
2010-11-01 04:00:00,0.04253,0.044657625
2010-11-01 05:00:00,0.05422,0.051225282
2010-11-01 06:00:00,0.04356,0.055092216
2010-11-01 07:00:00,0.04535,0.056923162
2010-11-01 08:00:00,0.04979,0.05528716
2010-11-01 09:00:00,0.0573,0.0543154
2010-11-01 10:00:00,0.0527,0.04875964
2010-11-01 11:00:00,0.0515,0.04561272
2010-11-01 12:00:00,0.0650699999999999,0.051350147
2010-11-01 13:00:00,0.06705,0.049918376
2010-11-01 14:00:00,0.095,0.050866127
2010-11-01 15:00:00,0.0584,0.05996947
2010-11-01 16:00:00,0.06345,0.06253084
2010-11-01 17:00:00,0.0593599999999999,0.063249566
2010-11-01 18:00:00,0.085,0.06097849
2010-11-01 19:00:00,0.03526,0.050229598
2010-11-01 20:00:00,0.0327999999999999,0.04728705
2010-11-01 21:00:00,0.04534,0.03966431
2010-11-01 22:00:00,0.05619,0.037511922
2010-11-01 23:00:00,0.0265,0.0373102
2010-11-02 00:00:00,0.033,0.03920825
2010-11-02 01:00:00,0.05257,0.039718796
2010-11-02 02:00:00,0.05101,0.03710325
2010-11-02 03:00:00,0.04393,0.036070194
2010-11-02 04:00:00,0.0329,0.040080953
2010-11-02 05:00:00,0.04521,0.047381036
2010-11-02 06:00:00,0.04332,0.056869965
2010-11-02 07:00:00,0.05479,0.05426368
2010-11-02 08:00:00,0.099,0.05506499
2010-11-02 09:00:00,0.06472,0.05617401
2010-11-02 10:00:00,0.04878,0.05654458
2010-11-02 11:00:00,0.04196,0.046913538
2010-11-02 12:00:00,0.0479099999999999,0.05164333
2010-11-02 13:00:00,0.0499099999999999,0.051803622
2010-11-02 14:00:00,0.06434,0.055353012
2010-11-02 15:00:00,0.06078,0.05800195
2010-11-02 16:00:00,0.07468,0.06011951
2010-11-02 17:00:00,0.0729399999999999,0.06347097
2010-11-02 18:00:00,0.05797,0.061860863
2010-11-02 19:00:00,0.04756,0.0514057
2010-11-02 20:00:00,0.04095,0.044006396
2010-11-02 21:00:00,0.04828,0.042007066
2010-11-02 22:00:00,0.03953,0.035808913
2010-11-02 23:00:00,0.04897,0.03379051
2010-11-03 00:00:00,0.03483,0.03664584
2010-11-03 01:00:00,0.03427,0.035861593
2010-11-03 02:00:00,0.03501,0.035093907
2010-11-03 03:00:00,0.03165,0.041950252
2010-11-03 04:00:00,0.0348,0.040278062
2010-11-03 05:00:00,0.04563,0.05061179
2010-11-03 06:00:00,0.05068,0.05759842
2010-11-03 07:00:00,0.05208,0.05612127
2010-11-03 08:00:00,0.0542,0.05507001
2010-11-03 09:00:00,0.04394,0.054985497
2010-11-03 10:00:00,0.06603,0.052280303
2010-11-03 11:00:00,0.05288,0.05382829
2010-11-03 12:00:00,0.06418,0.053289227
2010-11-03 13:00:00,0.05982,0.047954094
2010-11-03 14:00:00,0.04341,0.054930292
2010-11-03 15:00:00,0.06329,0.059650797
2010-11-03 16:00:00,0.07099,0.061822288
2010-11-03 17:00:00,0.06704,0.06007346
2010-11-03 18:00:00,0.06116,0.06112455
2010-11-03 19:00:00,0.06282,0.051283553
2010-11-03 20:00:00,0.04752,0.04360056
2010-11-03 21:00:00,0.05123,0.04287576
2010-11-03 22:00:00,0.0402999999999999,0.038202427
2010-11-03 23:00:00,0.03907,0.036346495
2010-11-04 00:00:00,0.03595,0.03591892
2010-11-04 01:00:00,0.00532,0.037109245
2010-11-04 02:00:00,0.03767,0.03970161
2010-11-04 03:00:00,0.05103,0.040192343
2010-11-04 04:00:00,0.0353,0.04081127
2010-11-04 05:00:00,0.04559,0.05351788
2010-11-04 06:00:00,0.05798,0.058176868
2010-11-04 07:00:00,0.05129,0.058082163
2010-11-04 08:00:00,0.04505,0.05730312
2010-11-04 09:00:00,0.084,0.056806017
2010-11-04 10:00:00,0.05911,0.05610386
2010-11-04 11:00:00,0.05015,0.051642366
2010-11-04 12:00:00,0.04457,0.05239118
2010-11-04 13:00:00,0.05567,0.047955833
2010-11-04 14:00:00,0.0731,0.054267656
2010-11-04 15:00:00,0.103,0.05901059
2010-11-04 16:00:00,0.04043,0.06501343
2010-11-04 17:00:00,0.04819,0.06357164
2010-11-04 18:00:00,0.03995,0.05426846
2010-11-04 19:00:00,0.04788,0.050368264
2010-11-04 20:00:00,0.04377,0.046230488
2010-11-04 21:00:00,0.03755,0.041356996
2010-11-04 22:00:00,0.02517,0.041202333
2010-11-04 23:00:00,0.04642,0.037094273
2010-11-05 00:00:00,0.05736,0.038147178
2010-11-05 01:00:00,0.0407999999999999,0.036802568
2010-11-05 02:00:00,0.0489099999999999,0.036445376
2010-11-05 03:00:00,0.04784,0.035785846
2010-11-05 04:00:00,0.051,0.043227583
2010-11-05 05:00:00,0.07301,0.053418137
2010-11-05 06:00:00,0.0521,0.059476137
2010-11-05 07:00:00,0.106,0.05787922
2010-11-05 08:00:00,0.05144,0.05310662
2010-11-05 09:00:00,0.0509,0.058390938
2010-11-05 10:00:00,0.04229,0.053284876
2010-11-05 11:00:00,0.0359,0.051352035
2010-11-05 12:00:00,0.0479799999999999,0.049307305
2010-11-05 13:00:00,0.0653,0.047823098
2010-11-05 14:00:00,0.05219,0.047562025
2010-11-05 15:00:00,0.04904,0.05764948
2010-11-05 16:00:00,0.06972,0.052888416
2010-11-05 17:00:00,0.0789599999999999,0.061417945
2010-11-05 18:00:00,0.06644,0.05726708
2010-11-05 19:00:00,0.04292,0.052831303
2010-11-05 20:00:00,0.05755,0.04623404
2010-11-05 21:00:00,0.04523,0.045313027
2010-11-05 22:00:00,0.03846,0.035700653
2010-11-05 23:00:00,0.0465099999999999,0.039167635
2010-11-06 00:00:00,0.04049,0.039076094
2010-11-06 01:00:00,0.02437,0.033455893
2010-11-06 02:00:00,0.03539,0.032150608
2010-11-06 03:00:00,0.03732,0.037478864
2010-11-06 04:00:00,0.03749,0.038675487
2010-11-06 05:00:00,0.03842,0.037668366
2010-11-06 06:00:00,0.0461899999999999,0.046190582
2010-11-06 07:00:00,0.0273799999999999,0.050800297
2010-11-06 08:00:00,0.03044,0.042344604
2010-11-06 09:00:00,0.04151,0.049194235
2010-11-06 10:00:00,0.04255,0.041850965
2010-11-06 11:00:00,0.05036,0.03983409
2010-11-06 12:00:00,0.03515,0.045206778
2010-11-06 13:00:00,0.0645699999999999,0.0424375
2010-11-06 14:00:00,0.06504,0.045393925
2010-11-06 15:00:00,0.04125,0.053007226
2010-11-06 16:00:00,0.0745,0.055701487
2010-11-06 17:00:00,0.051,0.057031117
2010-11-06 18:00:00,0.05445,0.048231225
2010-11-06 19:00:00,0.04293,0.03945843
2010-11-06 20:00:00,0.02785,0.040922575
2010-11-06 21:00:00,0.04194,0.036743652
2010-11-06 22:00:00,0.02973,0.03559656
2010-11-06 23:00:00,0.05194,0.036281515
2010-11-07 00:00:00,0.0192199999999999,0.028850777
2010-11-07 01:00:00,0.04294,0.02620802
2010-11-07 02:00:00,0.01489,0.0334764
2010-11-07 03:00:00,0.04807,0.034045428
2010-11-07 04:00:00,0.04134,0.033576664
2010-11-07 05:00:00,0.04195,0.03730114
2010-11-07 06:00:00,0.02548,0.037036184
2010-11-07 07:00:00,0.03752,0.03828644
2010-11-07 08:00:00,0.04126,0.04458339
2010-11-07 09:00:00,0.03755,0.043654308
2010-11-07 10:00:00,0.05106,0.0411953
2010-11-07 11:00:00,0.05015,0.036330365
2010-11-07 12:00:00,0.0378,0.036024727
2010-11-07 13:00:00,0.0458699999999999,0.040236194
2010-11-07 14:00:00,0.04168,0.041332148
2010-11-07 15:00:00,0.04641,0.04413718
2010-11-07 16:00:00,0.05,0.051366713
2010-11-07 17:00:00,0.04367,0.050320845
2010-11-07 18:00:00,0.04192,0.047983237
2010-11-07 19:00:00,0.04304,0.03802169
2010-11-07 20:00:00,0.04164,0.03778217
2010-11-07 21:00:00,0.04267,0.038039252
2010-11-07 22:00:00,0.0385799999999999,0.034161672
2010-11-07 23:00:00,0.03566,0.031850398
2010-11-08 00:00:00,0.04266,0.03622082
2010-11-08 01:00:00,0.04642,0.034550704
2010-11-08 02:00:00,0.02228,0.036625896
2010-11-08 03:00:00,0.02285,0.03431448
2010-11-08 04:00:00,0.0487999999999999,0.040079486
2010-11-08 05:00:00,0.06468,0.053234816
2010-11-08 06:00:00,0.06764,0.05606958
2010-11-08 07:00:00,0.05837,0.053881705
2010-11-08 08:00:00,0.0812099999999999,0.05472051
2010-11-08 09:00:00,0.04397,0.057282865
2010-11-08 10:00:00,0.04333,0.057114564
2010-11-08 11:00:00,0.0515,0.055619225
2010-11-08 12:00:00,0.04564,0.05806429
2010-11-08 13:00:00,0.0947399999999999,0.057046074
2010-11-08 14:00:00,0.095,0.056507617
2010-11-08 15:00:00,0.055,0.059366763
2010-11-08 16:00:00,0.05643,0.061141163
2010-11-08 17:00:00,0.04539,0.060914103
2010-11-08 18:00:00,0.04036,0.059088375
2010-11-08 19:00:00,0.0538999999999999,0.04990642
2010-11-08 20:00:00,0.0327999999999999,0.04664888
2010-11-08 21:00:00,0.03389,0.043946527
2010-11-08 22:00:00,0.03533,0.041986454
2010-11-08 23:00:00,0.03907,0.037049208
2010-11-09 00:00:00,0.0461199999999999,0.03568153
2010-11-09 01:00:00,0.04531,0.04233103
2010-11-09 02:00:00,0.03591,0.037588846
2010-11-09 03:00:00,0.02773,0.037974298
2010-11-09 04:00:00,0.0329,0.041689284
2010-11-09 05:00:00,0.03892,0.051672235
2010-11-09 06:00:00,0.06791,0.05681568
2010-11-09 07:00:00,0.1,0.05806976
2010-11-09 08:00:00,0.04743,0.058860835
2010-11-09 09:00:00,0.06472,0.05576183
2010-11-09 10:00:00,0.04843,0.054090206
2010-11-09 11:00:00,0.06073,0.053905014
2010-11-09 12:00:00,0.0479099999999999,0.053030703
2010-11-09 13:00:00,0.04831,0.05590914
2010-11-09 14:00:00,0.04994,0.055825893
2010-11-09 15:00:00,0.06689,0.058642086
2010-11-09 16:00:00,0.0545499999999999,0.06190742
2010-11-09 17:00:00,0.07609,0.06108493
2010-11-09 18:00:00,0.0523,0.058474645
2010-11-09 19:00:00,0.054,0.051956616
2010-11-09 20:00:00,0.0466899999999999,0.0441772
2010-11-09 21:00:00,0.04228,0.0416272
2010-11-09 22:00:00,0.03953,0.0399751
2010-11-09 23:00:00,0.03877,0.03942722
2010-11-10 00:00:00,0.04757,0.035958108
2010-11-10 01:00:00,0.04159,0.03605892
2010-11-10 02:00:00,0.03501,0.03368457
2010-11-10 03:00:00,0.0467299999999999,0.033033237
2010-11-10 04:00:00,0.04442,0.037859514
2010-11-10 05:00:00,0.05074,0.050007585
2010-11-10 06:00:00,0.06199,0.059708454
2010-11-10 07:00:00,0.0689,0.060151
2010-11-10 08:00:00,0.06987,0.057636775
2010-11-10 09:00:00,0.06102,0.055545814
2010-11-10 10:00:00,0.04393,0.05644212
2010-11-10 11:00:00,0.05835,0.056167398
2010-11-10 12:00:00,0.0557999999999999,0.05577274
2010-11-10 13:00:00,0.06294,0.05501734
2010-11-10 14:00:00,0.06069,0.054449335
2010-11-10 15:00:00,0.06071,0.060473684
2010-11-10 16:00:00,0.07099,0.06345874
2010-11-10 17:00:00,0.0635,0.06213302
2010-11-10 18:00:00,0.0559,0.059059344
2010-11-10 19:00:00,0.03447,0.05509561
2010-11-10 20:00:00,0.04621,0.04606511
2010-11-10 21:00:00,0.0286,0.046606865
2010-11-10 22:00:00,0.03828,0.041205656
2010-11-10 23:00:00,0.03907,0.03914136
2010-11-11 00:00:00,0.0497299999999999,0.03919207
2010-11-11 01:00:00,0.05127,0.03582755
2010-11-11 02:00:00,0.03267,0.036050744
2010-11-11 03:00:00,0.03577,0.041062146
2010-11-11 04:00:00,0.03907,0.040823035
2010-11-11 05:00:00,0.06698,0.051575072
2010-11-11 06:00:00,0.0434,0.058947172
2010-11-11 07:00:00,0.082,0.05983435
2010-11-11 08:00:00,0.0589299999999999,0.056239776
2010-11-11 09:00:00,0.04724,0.058260612
2010-11-11 10:00:00,0.06743,0.056669585
2010-11-11 11:00:00,0.04864,0.05517149
2010-11-11 12:00:00,0.0553699999999999,0.05375311
2010-11-11 13:00:00,0.05307,0.055885524
2010-11-11 14:00:00,0.03623,0.057337828
2010-11-11 15:00:00,0.05038,0.059669755
2010-11-11 16:00:00,0.0797,0.05889528
2010-11-11 17:00:00,0.09006,0.059589256
2010-11-11 18:00:00,0.04672,0.057234995
2010-11-11 19:00:00,0.04788,0.050414134
2010-11-11 20:00:00,0.04377,0.04835362
2010-11-11 21:00:00,0.02846,0.04263419
2010-11-11 22:00:00,0.03538,0.038717464
2010-11-11 23:00:00,0.03613,0.04398517
2010-11-12 00:00:00,0.0409799999999999,0.043009013
2010-11-12 01:00:00,0.0117899999999999,0.040525485
2010-11-12 02:00:00,0.02712,0.03676816
2010-11-12 03:00:00,0.04911,0.03695963
2010-11-12 04:00:00,0.02614,0.042317547
2010-11-12 05:00:00,0.07301,0.052229423
2010-11-12 06:00:00,0.095,0.055749655
2010-11-12 07:00:00,0.06802,0.057353556
2010-11-12 08:00:00,0.0354,0.05517486
2010-11-12 09:00:00,0.06769,0.05199922
2010-11-12 10:00:00,0.04229,0.051368054
2010-11-12 11:00:00,0.05065,0.049274106
2010-11-12 12:00:00,0.06215,0.053398483
2010-11-12 13:00:00,0.0530099999999999,0.05368638
2010-11-12 14:00:00,0.06481,0.052606232
2010-11-12 15:00:00,0.049,0.05485966
2010-11-12 16:00:00,0.05112,0.059356697
2010-11-12 17:00:00,0.06892,0.059343915
2010-11-12 18:00:00,0.0635,0.05604491
2010-11-12 19:00:00,0.05201,0.048401527
2010-11-12 20:00:00,0.04398,0.047632996
2010-11-12 21:00:00,0.04428,0.039352562
2010-11-12 22:00:00,0.04271,0.039126154
2010-11-12 23:00:00,0.02579,0.0393107
2010-11-13 00:00:00,0.04604,0.034755982
2010-11-13 01:00:00,0.04381,0.03206722
2010-11-13 02:00:00,0.03719,0.033824492
2010-11-13 03:00:00,0.05036,0.03273977
2010-11-13 04:00:00,0.03603,0.03416256
2010-11-13 05:00:00,0.03656,0.0401282
2010-11-13 06:00:00,0.05584,0.04311493
2010-11-13 07:00:00,0.03376,0.046413854
2010-11-13 08:00:00,0.03044,0.041978914
2010-11-13 09:00:00,0.06336,0.04227901
2010-11-13 10:00:00,0.07317,0.045747723
2010-11-13 11:00:00,0.0415,0.04022627
2010-11-13 12:00:00,0.04879,0.04085519
2010-11-13 13:00:00,0.04887,0.046009667
2010-11-13 14:00:00,0.02794,0.048021868
2010-11-13 15:00:00,0.04899,0.0456148
2010-11-13 16:00:00,0.0582,0.055950012
2010-11-13 17:00:00,0.0422,0.05392851
2010-11-13 18:00:00,0.03932,0.04959185
2010-11-13 19:00:00,0.04293,0.041842777
2010-11-13 20:00:00,0.04818,0.037439153
2010-11-13 21:00:00,0.0396599999999999,0.03755194
2010-11-13 22:00:00,0.02662,0.03293356
2010-11-13 23:00:00,0.04623,0.03487928
2010-11-14 00:00:00,0.03067,0.032050427
2010-11-14 01:00:00,0.0054,0.032018226
2010-11-14 02:00:00,0.0322299999999999,0.027921285
2010-11-14 03:00:00,0.04807,0.033578116
2010-11-14 04:00:00,0.00757,0.03354647
2010-11-14 05:00:00,0.0356,0.038900025
2010-11-14 06:00:00,0.04797,0.03867479
2010-11-14 07:00:00,0.03752,0.037091024
2010-11-14 08:00:00,0.05906,0.04038772
2010-11-14 09:00:00,0.03972,0.039848138
2010-11-14 10:00:00,0.03981,0.04342962
2010-11-14 11:00:00,0.04015,0.039207928
2010-11-14 12:00:00,0.03859,0.036107987
2010-11-14 13:00:00,0.0458699999999999,0.039180864
2010-11-14 14:00:00,0.03983,0.041115064
2010-11-14 15:00:00,0.04115,0.04414441
2010-11-14 16:00:00,0.04124,0.048966665
2010-11-14 17:00:00,0.04512,0.048692763
2010-11-14 18:00:00,0.05011,0.045846067
2010-11-14 19:00:00,0.05245,0.041314166
2010-11-14 20:00:00,0.04615,0.03936786
2010-11-14 21:00:00,0.04647,0.03821021
2010-11-14 22:00:00,0.04416,0.03356349
2010-11-14 23:00:00,0.04082,0.033436324
2010-11-15 00:00:00,0.04171,0.03840147
2010-11-15 01:00:00,0.03603,0.036299966
2010-11-15 02:00:00,0.04172,0.033072002
2010-11-15 03:00:00,0.04155,0.035969686
2010-11-15 04:00:00,0.04354,0.041405223
2010-11-15 05:00:00,0.04342,0.05332486
2010-11-15 06:00:00,0.06042,0.059993524
2010-11-15 07:00:00,0.04986,0.058360714
2010-11-15 08:00:00,0.0611499999999999,0.05595671
2010-11-15 09:00:00,0.04397,0.056364268
2010-11-15 10:00:00,0.06831,0.054571714
2010-11-15 11:00:00,0.08693,0.058011714
2010-11-15 12:00:00,0.05159,0.05688741
2010-11-15 13:00:00,0.04439,0.0556908
2010-11-15 14:00:00,0.095,0.054200422
2010-11-15 15:00:00,0.04478,0.060194474
2010-11-15 16:00:00,0.05289,0.06294939
2010-11-15 17:00:00,0.0593599999999999,0.05945934
2010-11-15 18:00:00,0.05857,0.056704365
2010-11-15 19:00:00,0.05393,0.053210557
2010-11-15 20:00:00,0.03528,0.04468345
2010-11-15 21:00:00,0.0320499999999999,0.041320004
2010-11-15 22:00:00,0.02897,0.03832176
2010-11-15 23:00:00,0.0463699999999999,0.04007966
2010-11-16 00:00:00,0.04631,0.037991017
2010-11-16 01:00:00,0.04478,0.03587732
2010-11-16 02:00:00,0.02429,0.034871884
2010-11-16 03:00:00,0.03166,0.035370037
2010-11-16 04:00:00,0.03202,0.039731193
2010-11-16 05:00:00,0.03892,0.04733847
2010-11-16 06:00:00,0.09303,0.05827207
2010-11-16 07:00:00,0.04399,0.057712395
2010-11-16 08:00:00,0.05458,0.059167054
2010-11-16 09:00:00,0.04894,0.057276826
2010-11-16 10:00:00,0.0540499999999999,0.054550495
2010-11-16 11:00:00,0.04696,0.056704268
2010-11-16 12:00:00,0.08821,0.05481814
2010-11-16 13:00:00,0.05299,0.053306457
2010-11-16 14:00:00,0.08694,0.05375398
2010-11-16 15:00:00,0.05275,0.05964093
2010-11-16 16:00:00,0.06795,0.060442165
2010-11-16 17:00:00,0.07609,0.06102083
2010-11-16 18:00:00,0.0523,0.06023485
2010-11-16 19:00:00,0.04756,0.05360812
2010-11-16 20:00:00,0.04095,0.04673154
2010-11-16 21:00:00,0.04552,0.043770734
2010-11-16 22:00:00,0.04495,0.04047659
2010-11-16 23:00:00,0.04897,0.03932859
2010-11-17 00:00:00,0.03532,0.041338746
2010-11-17 01:00:00,0.04315,0.038468048
2010-11-17 02:00:00,0.03501,0.036702022
2010-11-17 03:00:00,0.03165,0.03729679
2010-11-17 04:00:00,0.04377,0.039834473
2010-11-17 05:00:00,0.06008,0.049489144
2010-11-17 06:00:00,0.06052,0.05930519
2010-11-17 07:00:00,0.06418,0.058938086
2010-11-17 08:00:00,0.05156,0.057012074
2010-11-17 09:00:00,0.06102,0.056844562
2010-11-17 10:00:00,0.05825,0.05543916
2010-11-17 11:00:00,0.05826,0.056116793
2010-11-17 12:00:00,0.0557999999999999,0.058262214
2010-11-17 13:00:00,0.05728,0.055337008
2010-11-17 14:00:00,0.06069,0.0569464
2010-11-17 15:00:00,0.06071,0.058388863
2010-11-17 16:00:00,0.0466,0.062368486
2010-11-17 17:00:00,0.0801299999999999,0.06183704
2010-11-17 18:00:00,0.06116,0.05885931
2010-11-17 19:00:00,0.06888,0.047773384
2010-11-17 20:00:00,0.04291,0.04496463
2010-11-17 21:00:00,0.05123,0.042887963
2010-11-17 22:00:00,0.03861,0.03925075
2010-11-17 23:00:00,0.0386199999999999,0.041237053
2010-11-18 00:00:00,0.02123,0.039261173
2010-11-18 01:00:00,0.00532,0.043121066
2010-11-18 02:00:00,0.04009,0.036056057
2010-11-18 03:00:00,0.03577,0.036283072
2010-11-18 04:00:00,0.04369,0.043461327
2010-11-18 05:00:00,0.04531,0.053895466
2010-11-18 06:00:00,0.05798,0.058881488
2010-11-18 07:00:00,0.05129,0.059635296
2010-11-18 08:00:00,0.04505,0.057075556
2010-11-18 09:00:00,0.05916,0.0555938
2010-11-18 10:00:00,0.09293,0.056470554
2010-11-18 11:00:00,0.0557999999999999,0.05307108
2010-11-18 12:00:00,0.04457,0.05796457
2010-11-18 13:00:00,0.0357,0.054670468
2010-11-18 14:00:00,0.05667,0.049105477
2010-11-18 15:00:00,0.07263,0.057334837
2010-11-18 16:00:00,0.0585,0.060991064
2010-11-18 17:00:00,0.04819,0.061357193
2010-11-18 18:00:00,0.065,0.057578377
2010-11-18 19:00:00,0.04788,0.052055478
2010-11-18 20:00:00,0.04377,0.046099145
2010-11-18 21:00:00,0.04013,0.041627422
2010-11-18 22:00:00,0.04914,0.03852419
2010-11-18 23:00:00,0.03613,0.03719111
2010-11-19 00:00:00,0.03472,0.03665517
2010-11-19 01:00:00,0.02899,0.035721626
2010-11-19 02:00:00,0.03786,0.03701909
2010-11-19 03:00:00,0.04784,0.037985574
2010-11-19 04:00:00,0.04506,0.04105146
2010-11-19 05:00:00,0.04505,0.051684473
2010-11-19 06:00:00,0.0450799999999999,0.05719549
2010-11-19 07:00:00,0.05432,0.056686003
2010-11-19 08:00:00,0.0354,0.046820156
2010-11-19 09:00:00,0.0549399999999999,0.05430312
2010-11-19 10:00:00,0.09893,0.05386854
2010-11-19 11:00:00,0.0359,0.053090896
2010-11-19 12:00:00,0.06335,0.055841208
2010-11-19 13:00:00,0.06686,0.05281953
2010-11-19 14:00:00,0.03152,0.05447796
2010-11-19 15:00:00,0.0542999999999999,0.05557171
2010-11-19 16:00:00,0.0540499999999999,0.057828248
2010-11-19 17:00:00,0.05841,0.059806917
2010-11-19 18:00:00,0.05203,0.057030324
2010-11-19 19:00:00,0.06042,0.051302023
2010-11-19 20:00:00,0.0464399999999999,0.045902684
2010-11-19 21:00:00,0.04004,0.0442166
2010-11-19 22:00:00,0.05212,0.041735202
2010-11-19 23:00:00,0.0362899999999999,0.035991453
2010-11-20 00:00:00,0.03707,0.035623457
2010-11-20 01:00:00,0.02437,0.034633946
2010-11-20 02:00:00,0.0528299999999999,0.035431422
2010-11-20 03:00:00,0.0362,0.03613254
2010-11-20 04:00:00,0.04481,0.036355495
2010-11-20 05:00:00,0.03878,0.038262773
2010-11-20 06:00:00,0.03907,0.04601188
2010-11-20 07:00:00,0.04271,0.043600086
2010-11-20 08:00:00,0.04323,0.040620565
2010-11-20 09:00:00,0.03031,0.04885586
2010-11-20 10:00:00,0.0427,0.049945783
2010-11-20 11:00:00,0.0299,0.041616138
2010-11-20 12:00:00,0.04879,0.040220525
2010-11-20 13:00:00,0.0324,0.040028483
2010-11-20 14:00:00,0.0528299999999999,0.038235296
2010-11-20 15:00:00,0.06141,0.046428945
2010-11-20 16:00:00,0.0528999999999999,0.051083557
2010-11-20 17:00:00,0.06062,0.04737641
2010-11-20 18:00:00,0.04845,0.046209227
2010-11-20 19:00:00,0.04567,0.03961171
2010-11-20 20:00:00,0.04121,0.03811814
2010-11-20 21:00:00,0.0296,0.038476426
2010-11-20 22:00:00,0.03667,0.03524234
2010-11-20 23:00:00,0.0385499999999999,0.034291334
2010-11-21 00:00:00,0.03067,0.032032974
2010-11-21 01:00:00,0.01328,0.028179957
2010-11-21 02:00:00,0.0322299999999999,0.031979684
2010-11-21 03:00:00,0.01019,0.031727042
2010-11-21 04:00:00,0.04134,0.0294505
2010-11-21 05:00:00,0.04195,0.035250418
2010-11-21 06:00:00,0.01945,0.041201156
2010-11-21 07:00:00,0.04548,0.037451904
2010-11-21 08:00:00,0.04826,0.041963223
2010-11-21 09:00:00,0.03972,0.038691446
2010-11-21 10:00:00,0.03884,0.04157732
2010-11-21 11:00:00,0.04015,0.03836455
2010-11-21 12:00:00,0.03976,0.04047309
2010-11-21 13:00:00,0.0404099999999999,0.04119393
2010-11-21 14:00:00,0.03983,0.040027525
2010-11-21 15:00:00,0.0523,0.042868514
2010-11-21 16:00:00,0.05367,0.045965135
2010-11-21 17:00:00,0.05318,0.046710905
2010-11-21 18:00:00,0.04385,0.045483712
2010-11-21 19:00:00,0.05101,0.042567085
2010-11-21 20:00:00,0.045,0.038143657
2010-11-21 21:00:00,0.03506,0.037234563
2010-11-21 22:00:00,0.0322999999999999,0.03471045
2010-11-21 23:00:00,0.03566,0.032997392
2010-11-22 00:00:00,0.04266,0.033247434
2010-11-22 01:00:00,0.02251,0.03207456
2010-11-22 02:00:00,0.03475,0.0353384
2010-11-22 03:00:00,0.04155,0.034843706
2010-11-22 04:00:00,0.0447199999999999,0.041459344
2010-11-22 05:00:00,0.05694,0.051601853
2010-11-22 06:00:00,0.06042,0.057340372
2010-11-22 07:00:00,0.06991,0.05591131
2010-11-22 08:00:00,0.04507,0.05706723
2010-11-22 09:00:00,0.05228,0.05306521
2010-11-22 10:00:00,0.04333,0.056003083
2010-11-22 11:00:00,0.06583,0.05475449
2010-11-22 12:00:00,0.0586,0.055455055
2010-11-22 13:00:00,0.0947399999999999,0.051774945
2010-11-22 14:00:00,0.05923,0.05595843
2010-11-22 15:00:00,0.06763,0.05786012
2010-11-22 16:00:00,0.05289,0.06135589
2010-11-22 17:00:00,0.04539,0.06061186
2010-11-22 18:00:00,0.04162,0.059261058
2010-11-22 19:00:00,0.0538999999999999,0.0530064
2010-11-22 20:00:00,0.0327999999999999,0.046201386
2010-11-22 21:00:00,0.04534,0.0396195
2010-11-22 22:00:00,0.05619,0.037863646
2010-11-22 23:00:00,0.0463699999999999,0.03983519
2010-11-23 00:00:00,0.0461199999999999,0.038082737
2010-11-23 01:00:00,0.02453,0.035534155
2010-11-23 02:00:00,0.0291,0.033454
2010-11-23 03:00:00,0.03598,0.035206318
2010-11-23 04:00:00,0.0353,0.041187156
2010-11-23 05:00:00,0.03892,0.051689472
2010-11-23 06:00:00,0.06795,0.058096673
2010-11-23 07:00:00,0.04486,0.05721029
2010-11-23 08:00:00,0.06469,0.05682958
2010-11-23 09:00:00,0.06472,0.054716162
2010-11-23 10:00:00,0.04203,0.057937372
2010-11-23 11:00:00,0.04696,0.0554567
2010-11-23 12:00:00,0.0479099999999999,0.05704826
2010-11-23 13:00:00,0.0499099999999999,0.05625946
2010-11-23 14:00:00,0.0511799999999999,0.055720165
2010-11-23 15:00:00,0.08719,0.05908681
2010-11-23 16:00:00,0.05921,0.062086947
2010-11-23 17:00:00,0.06289,0.061050754
2010-11-23 18:00:00,0.05285,0.058742158
2010-11-23 19:00:00,0.0492299999999999,0.05278649
2010-11-23 20:00:00,0.05006,0.044055823
2010-11-23 21:00:00,0.04334,0.043456133
2010-11-23 22:00:00,0.0446499999999999,0.04058935
2010-11-23 23:00:00,0.034,0.039354667
2010-11-24 00:00:00,0.04283,0.038338907
2010-11-24 01:00:00,0.03427,0.037011053
2010-11-24 02:00:00,0.03379,0.03568917
2010-11-24 03:00:00,0.0467299999999999,0.036593977
2010-11-24 04:00:00,0.03606,0.039617095
2010-11-24 05:00:00,0.04194,0.0502267
2010-11-24 06:00:00,0.06052,0.057191275
2010-11-24 07:00:00,0.05054,0.05792378
2010-11-24 08:00:00,0.06301,0.05679361
2010-11-24 09:00:00,0.06102,0.055780396
2010-11-24 10:00:00,0.05059,0.05377302
2010-11-24 11:00:00,0.05288,0.056904677
2010-11-24 12:00:00,0.05956,0.056196094
2010-11-24 13:00:00,0.06294,0.054865632
2010-11-24 14:00:00,0.06069,0.055790946
2010-11-24 15:00:00,0.06329,0.05991331
2010-11-24 16:00:00,0.07099,0.05956135
2010-11-24 17:00:00,0.08712,0.06223766
2010-11-24 18:00:00,0.065,0.059279338
2010-11-24 19:00:00,0.06888,0.054216295
2010-11-24 20:00:00,0.04752,0.046043426
2010-11-24 21:00:00,0.04076,0.046591137
2010-11-24 22:00:00,0.04853,0.040511962
2010-11-24 23:00:00,0.0376,0.03719908
2010-11-25 00:00:00,0.02123,0.036394913
2010-11-25 01:00:00,0.0351,0.034273326
2010-11-25 02:00:00,0.04009,0.03911459
2010-11-25 03:00:00,0.05103,0.036807597
2010-11-25 04:00:00,0.04678,0.04070446
2010-11-25 05:00:00,0.06698,0.04968013
2010-11-25 06:00:00,0.0481199999999999,0.058922846
2010-11-25 07:00:00,0.06895,0.060008645
2010-11-25 08:00:00,0.05375,0.056865968
2010-11-25 09:00:00,0.03852,0.056632947
2010-11-25 10:00:00,0.0684,0.05589343
2010-11-25 11:00:00,0.05628,0.055965092
2010-11-25 12:00:00,0.06751,0.056233887
2010-11-25 13:00:00,0.04561,0.051119853
2010-11-25 14:00:00,0.06849,0.058139615
2010-11-25 15:00:00,0.07447,0.060982686
2010-11-25 16:00:00,0.06338,0.06223828
2010-11-25 17:00:00,0.04819,0.061083388
2010-11-25 18:00:00,0.04672,0.06094935
2010-11-25 19:00:00,0.04788,0.05213605
2010-11-25 20:00:00,0.05352,0.047288768
2010-11-25 21:00:00,0.02846,0.04424082
2010-11-25 22:00:00,0.05574,0.043621615
2010-11-25 23:00:00,0.04222,0.036869828
2010-11-26 00:00:00,0.02127,0.03677879
2010-11-26 01:00:00,0.0407999999999999,0.036212184
2010-11-26 02:00:00,0.03594,0.03597565
2010-11-26 03:00:00,0.04911,0.040499043
2010-11-26 04:00:00,0.04506,0.042179435
2010-11-26 05:00:00,0.06348,0.05058484
2010-11-26 06:00:00,0.05178,0.056199864
2010-11-26 07:00:00,0.03501,0.05677716
2010-11-26 08:00:00,0.0663,0.0535092
2010-11-26 09:00:00,0.09717,0.05314929
2010-11-26 10:00:00,0.0635,0.05490936
2010-11-26 11:00:00,0.05244,0.05053187
2010-11-26 12:00:00,0.0479799999999999,0.054692812
2010-11-26 13:00:00,0.06686,0.05344192
2010-11-26 14:00:00,0.0495,0.04962432
2010-11-26 15:00:00,0.06724,0.05728914
2010-11-26 16:00:00,0.08109,0.059653908
2010-11-26 17:00:00,0.09602,0.058809686
2010-11-26 18:00:00,0.04081,0.05705163
2010-11-26 19:00:00,0.03956,0.051154528
2010-11-26 20:00:00,0.04398,0.047283232
2010-11-26 21:00:00,0.05866,0.043527696
